ecg_id,true_main,top_class,true_binary,pred_binary,predicted_labels,prob_NORM,prob_MI,prob_STTC,prob_CD,prob_HYP
18252,STTC,STTC,pathological,pathological,"STTC, HYP",0.0010660889092832804,0.30802029371261597,0.97275710105896,0.05799762159585953,0.25655364990234375
3703,CD,CD,pathological,pathological,"CD, HYP",0.001825740560889244,0.018486011773347855,0.1935180276632309,0.9941019415855408,0.36387670040130615
19408,CD,STTC,pathological,pathological,"MI, STTC, CD",0.0009816483361646533,0.7097011208534241,0.7843505144119263,0.45639920234680176,0.024346353486180305
21065,CD,STTC,pathological,pathological,"MI, STTC, CD, HYP",0.001959305489435792,0.3583860695362091,0.9195187091827393,0.6535418629646301,0.3479937016963959
20417,STTC,STTC,pathological,pathological,STTC,0.015579822473227978,0.04398280754685402,0.9338613152503967,0.0013930518180131912,0.001798413461074233
15436,CD,CD,pathological,pathological,"MI, CD",0.0010372396791353822,0.6153820753097534,0.018257498741149902,0.9991631507873535,0.13588854670524597
10880,CD,CD,pathological,pathological,"MI, CD",0.00012992671690881252,0.8125260472297668,0.31205371022224426,0.9861500859260559,0.07116293907165527
8125,STTC,STTC,pathological,pathological,STTC,0.002497800625860691,0.26747703552246094,0.9080753922462463,0.0019580444786697626,0.0445939302444458
9758,HYP,HYP,pathological,pathological,"STTC, HYP",0.00021494326938409358,0.05537646263837814,0.9666730761528015,0.007316031958907843,0.983801543712616
17436,NORM,NORM,normal,normal,NORM,0.8076256513595581,0.1462973654270172,0.032604292035102844,0.012807841412723064,0.004260667599737644
12910,HYP,MI,pathological,pathological,"MI, STTC, HYP",0.00012745473941322416,0.958808422088623,0.8934791088104248,0.05539095774292946,0.790774405002594
46,NORM,NORM,normal,normal,NORM,0.993380069732666,0.00019115553004667163,0.00039119584835134447,0.03199382871389389,0.0005659590242430568
678,CD,STTC,pathological,pathological,STTC,0.0789862796664238,0.029155448079109192,0.8605425953865051,0.023657476529479027,0.01928022876381874
19653,HYP,MI,pathological,pathological,MI,0.13731926679611206,0.8288188576698303,0.012204136699438095,0.011368733830749989,0.106480672955513
21246,HYP,HYP,pathological,pathological,"STTC, HYP",0.024550288915634155,0.04013918712735176,0.484345018863678,0.15620987117290497,0.909197211265564
20311,HYP,STTC,pathological,pathological,STTC,0.0007997862994670868,0.0010483278892934322,0.9966629147529602,0.0009088945225812495,0.05275128409266472
11289,MI,MI,pathological,pathological,MI,0.026528717949986458,0.9768567681312561,0.003562779864296317,0.008179851807653904,0.005361821036785841
12894,HYP,HYP,pathological,pathological,HYP,0.06261873990297318,0.0066330996342003345,0.02368997223675251,0.010176826268434525,0.9193660020828247
8020,CD,CD,pathological,pathological,"MI, CD",0.0007893678266555071,0.9217591881752014,0.03388989716768265,0.9865356087684631,0.030971264466643333
854,MI,MI,pathological,pathological,MI,0.0006618809420615435,0.9957364797592163,0.16445018351078033,0.020369743928313255,0.0032140298280864954
13308,STTC,NORM,pathological,normal,NORM,0.7514545917510986,0.04757151007652283,0.17309805750846863,0.01998143456876278,0.003911141771823168
15653,NORM,NORM,normal,normal,NORM,0.907280683517456,0.03505266085267067,0.027576541528105736,0.01296936720609665,0.0020032799802720547
14499,MI,NORM,pathological,normal,NORM,0.9204750061035156,0.03878723829984665,0.003987411968410015,0.008723638951778412,0.009091362357139587
4745,STTC,STTC,pathological,pathological,STTC,3.602916331146844e-05,0.005862769670784473,0.9987187385559082,0.0012712712632492185,0.10837973654270172
18355,MI,MI,pathological,pathological,MI,0.33837446570396423,0.7149341106414795,0.03762407600879669,0.027738209813833237,0.03134099766612053
7480,MI,MI,pathological,pathological,MI,2.6819187041837722e-05,0.9965496063232422,0.1878253072500229,0.22404009103775024,0.00027394306380301714
3639,NORM,NORM,normal,normal,NORM,0.989273726940155,0.0016566086560487747,0.0024647568352520466,0.00307923904620111,0.00021187889797147363
9271,HYP,MI,pathological,pathological,"MI, STTC, HYP",6.918316648807377e-05,0.9610580801963806,0.8333510756492615,0.2249208241701126,0.8578433394432068
4653,HYP,STTC,pathological,pathological,"STTC, HYP",7.18728915671818e-06,0.005911848042160273,0.9990941286087036,0.005201136227697134,0.4288026690483093
8017,HYP,HYP,pathological,pathological,HYP,0.15348130464553833,0.02375463768839836,0.07536156475543976,0.014600858092308044,0.8248884081840515
21680,MI,MI,pathological,pathological,MI,9.567770575813483e-07,0.9999732971191406,0.030582241714000702,0.005084340926259756,0.0007195576908998191
7833,NORM,NORM,normal,normal,NORM,0.963567852973938,0.003970360849052668,0.02625137008726597,0.009500047191977501,0.0021109108347445726
16645,CD,CD,pathological,pathological,"MI, STTC, CD, HYP",0.0008052817429415882,0.6744335889816284,0.5437365174293518,0.9470173120498657,0.3544860780239105
10057,STTC,STTC,pathological,pathological,STTC,0.29302629828453064,0.016893580555915833,0.6967755556106567,0.007256293669342995,0.043550170958042145
20396,MI,MI,pathological,pathological,MI,0.02875858172774315,0.9382979273796082,0.018408671021461487,0.1927998811006546,0.01020874734967947
16547,NORM,NORM,normal,normal,NORM,0.9114248156547546,0.007943485863506794,0.04353844374418259,0.03927350416779518,0.000861065520439297
20749,CD,CD,pathological,pathological,"MI, CD, HYP",0.004862809553742409,0.4527692496776581,0.05844862759113312,0.9928606152534485,0.2846016585826874
16750,STTC,STTC,pathological,pathological,STTC,0.00041195584344677627,0.014907232485711575,0.9910954833030701,0.0787193551659584,0.002742692595347762
1996,HYP,HYP,pathological,pathological,HYP,0.04213416203856468,0.1762727051973343,0.08137311786413193,0.04236981272697449,0.8585758805274963
1557,NORM,NORM,normal,normal,NORM,0.9486624002456665,0.005730431526899338,0.054339535534381866,0.006003860384225845,0.006349713541567326
13347,MI,STTC,pathological,pathological,STTC,0.0005689271492883563,0.06797970086336136,0.9828340411186218,0.026511941105127335,0.008208245038986206
15126,NORM,NORM,normal,normal,NORM,0.9903018474578857,0.0005582657177001238,0.005626083351671696,0.005530250258743763,0.00013379353913478553
5703,MI,MI,pathological,pathological,MI,0.13651278614997864,0.7707765102386475,0.04482736811041832,0.0037747821770608425,0.01964879035949707
14927,HYP,NORM,pathological,normal,"NORM, HYP",0.8549007177352905,0.0002248097734991461,0.015511670149862766,0.006276888307183981,0.21476498246192932
7000,MI,MI,pathological,pathological,MI,0.000373046234017238,0.9957545399665833,0.16278523206710815,0.13172590732574463,0.007773085031658411
20381,MI,MI,pathological,pathological,MI,0.07624022662639618,0.9402599334716797,0.014460106380283833,0.015900563448667526,0.0015312210889533162
18726,HYP,HYP,pathological,pathological,HYP,0.03036043979227543,0.06292712688446045,0.07018580287694931,0.002019842155277729,0.9325965642929077
19092,CD,MI,pathological,pathological,"MI, STTC",0.05850159749388695,0.6700240969657898,0.36619800329208374,0.22151891887187958,0.013684848323464394
10387,STTC,STTC,pathological,pathological,"MI, STTC",0.003072889754548669,0.36782294511795044,0.9452633261680603,0.02565799653530121,0.07419713586568832
15232,HYP,HYP,pathological,pathological,"STTC, HYP",0.0006755818030796945,0.010522004216909409,0.9501646161079407,0.16425040364265442,0.9858906865119934
9051,STTC,NORM,pathological,normal,"NORM, STTC",0.541408360004425,0.0012604634976014495,0.47619038820266724,0.00947349052876234,0.07214721292257309
11597,HYP,STTC,pathological,pathological,"STTC, HYP",1.2753070222970564e-05,0.0010712244547903538,0.9981402158737183,0.003231722628697753,0.8931558132171631
17779,MI,MI,pathological,pathological,"NORM, MI",0.4749716818332672,0.6952196359634399,0.004288440104573965,0.01562151126563549,0.0011510574258863926
3185,STTC,STTC,pathological,pathological,STTC,0.005793730262666941,0.04172265902161598,0.9736499786376953,0.017067957669496536,0.005102743860334158
9843,NORM,NORM,normal,normal,NORM,0.8510828614234924,0.002517765387892723,0.017374930903315544,0.006772983819246292,0.1083846166729927
10398,NORM,NORM,normal,normal,NORM,0.9759930968284607,0.0015988163650035858,0.0038395372685045004,0.02321350947022438,0.008940957486629486
10563,CD,MI,pathological,pathological,"MI, STTC, CD, HYP",0.00010151060268981382,0.936635434627533,0.722577691078186,0.7598631978034973,0.7457935810089111
6524,NORM,NORM,normal,normal,NORM,0.8967663645744324,0.0388636589050293,0.021403493359684944,0.008419213816523552,0.007089658174663782
15132,MI,NORM,pathological,normal,"NORM, MI",0.5710256695747375,0.5233851671218872,0.00878747459501028,0.13633164763450623,0.00462708855047822
16279,HYP,HYP,pathological,pathological,HYP,0.1648513227701187,0.0027492805384099483,0.009799595922231674,0.03908449411392212,0.8404847383499146
2525,MI,STTC,pathological,pathological,STTC,0.01479770615696907,0.2581309378147125,0.8666723370552063,0.006663809064775705,0.0020916208159178495
8592,NORM,NORM,normal,normal,NORM,0.8458789587020874,0.05592258647084236,0.07843465358018875,0.011017845943570137,0.0017001726664602757
14947,STTC,STTC,pathological,pathological,STTC,0.12153831869363785,0.03354934602975845,0.8124398589134216,0.0026641935110092163,0.000496799941174686
5160,MI,MI,pathological,pathological,"MI, STTC",0.15334275364875793,0.5198152661323547,0.46807947754859924,0.0551028773188591,0.0396023765206337
21582,CD,MI,pathological,pathological,"MI, CD",0.003873960580676794,0.928957998752594,0.09638810902833939,0.6096659898757935,0.007208654657006264
806,CD,CD,pathological,pathological,CD,0.11927085369825363,0.010044267401099205,0.049908723682165146,0.9782694578170776,0.010558062233030796
7685,CD,CD,pathological,pathological,CD,0.20508933067321777,0.01930404268205166,0.0017627128399908543,0.9867743253707886,0.00691930903121829
14350,HYP,STTC,pathological,pathological,"STTC, HYP",0.00023396332107950002,0.14680740237236023,0.983003556728363,0.009623930789530277,0.7619753479957581
16588,NORM,NORM,normal,normal,NORM,0.9931166172027588,0.00011061265104217455,0.00035976251820102334,0.08302917331457138,0.00019094275194220245
3326,STTC,STTC,pathological,pathological,"STTC, HYP",0.01104071643203497,0.023872723802924156,0.9164674282073975,0.01320388913154602,0.8639482259750366
9162,NORM,NORM,normal,normal,NORM,0.974733829498291,0.002475655870512128,0.007893611676990986,0.009193316102027893,0.002095625502988696
20754,STTC,STTC,pathological,pathological,STTC,0.12706638872623444,0.0012937468709424138,0.8764172792434692,0.0035451282747089863,0.0011427950812503695
20616,STTC,STTC,pathological,pathological,"STTC, CD",0.017096685245633125,0.10254231095314026,0.8961609601974487,0.4942859411239624,0.03552727773785591
19438,CD,CD,pathological,pathological,"CD, HYP",0.3025106191635132,0.0003284114063717425,0.0022760818246752024,0.627305805683136,0.38383063673973083
15370,MI,MI,pathological,pathological,MI,0.07120028138160706,0.9569109678268433,0.0012549685779958963,0.024655627086758614,0.0018959461012855172
16641,MI,MI,pathological,pathological,MI,0.00574775505810976,0.9535769820213318,0.19198115170001984,0.01726728491485119,0.06894905865192413
16319,CD,NORM,pathological,normal,NORM,0.7389376759529114,0.07672293484210968,0.048884544521570206,0.23399443924427032,0.006703612394630909
16968,NORM,NORM,normal,normal,NORM,0.9581572413444519,0.0029841281939297915,0.055907104164361954,0.0029757553711533546,0.002375895157456398
10843,STTC,STTC,pathological,pathological,STTC,0.09639885276556015,0.017886267974972725,0.8509837985038757,0.011178416199982166,0.005590985529124737
16868,MI,MI,pathological,pathological,"MI, STTC",0.14500881731510162,0.4643269181251526,0.3493884801864624,0.03627591207623482,0.0014325168449431658
6895,CD,CD,pathological,pathological,CD,0.00016072686412371695,0.0016768703935667872,0.005954389926046133,0.9999576807022095,0.05935359373688698
5049,NORM,NORM,normal,normal,NORM,0.9832615256309509,0.006040758918970823,0.0008958964608609676,0.003425507340580225,0.000544940703548491
4777,MI,MI,pathological,pathological,MI,0.0005314777372404933,0.997248113155365,0.052860409021377563,0.03437812998890877,0.00849765632301569
7564,NORM,NORM,normal,normal,NORM,0.9641220569610596,0.01711627095937729,0.004564427770674229,0.019542966037988663,0.0005371954175643623
20644,MI,MI,pathological,pathological,MI,0.001757557736709714,0.9942758679389954,0.04390623793005943,0.04949989914894104,0.002372760558500886
17113,STTC,STTC,pathological,pathological,"STTC, CD",0.0008241271134465933,0.08708328753709793,0.9756850004196167,0.37561047077178955,0.04167790710926056
13087,HYP,STTC,pathological,pathological,"STTC, HYP",0.0006796983652748168,0.07697886228561401,0.9415144920349121,0.0124228959903121,0.9383354187011719
8724,CD,CD,pathological,pathological,CD,0.42628762125968933,0.0008238228620029986,0.00294984458014369,0.967573881149292,0.04665049538016319
21390,CD,CD,pathological,pathological,"STTC, CD, HYP",0.017768744379281998,0.0021338146179914474,0.5633019208908081,0.8180954456329346,0.20642121136188507
2772,MI,STTC,pathological,pathological,"MI, STTC",0.0006532590487040579,0.6072022318840027,0.9274126887321472,0.0046170977875590324,0.00247240555472672
8888,MI,MI,pathological,pathological,MI,7.503646338591352e-05,0.9992592930793762,0.05635613575577736,0.016759909689426422,0.0015735352644696832
15831,STTC,STTC,pathological,pathological,STTC,0.27572691440582275,0.006224798504263163,0.6835471391677856,0.01705676130950451,0.0006545952055603266
7357,STTC,STTC,pathological,pathological,STTC,0.07068517804145813,0.3140305280685425,0.6076382994651794,0.006651599425822496,0.0007968248100951314
7317,MI,NORM,pathological,normal,NORM,0.846950113773346,0.11895751953125,0.03942190110683441,0.006229957100003958,0.0021896553225815296
10566,CD,CD,pathological,pathological,"MI, STTC, CD, HYP",0.008626995608210564,0.4358009099960327,0.5746498703956604,0.6997315287590027,0.347844660282135
20820,STTC,NORM,pathological,normal,"NORM, STTC",0.5752789378166199,0.00033064724993892014,0.4919138252735138,0.0014178386190906167,0.0004755083646159619
2623,CD,CD,pathological,pathological,"STTC, CD, HYP",3.477819700492546e-05,0.018034756183624268,0.3900356590747833,0.9996592998504639,0.7228276133537292
3083,NORM,NORM,normal,normal,NORM,0.9954333901405334,0.0005204195622354746,0.000585820758715272,0.0020325726363807917,8.905494178179651e-05
14691,NORM,NORM,normal,normal,NORM,0.9889706373214722,0.0006871674559079111,0.0008289798861369491,0.008247721008956432,0.004473299253731966
10746,HYP,NORM,pathological,normal,NORM,0.3244342803955078,0.2863731384277344,0.12762410938739777,0.008792181499302387,0.14339938759803772
6866,CD,STTC,pathological,pathological,"STTC, CD",0.016492018476128578,0.08376836031675339,0.8350409865379333,0.6506520509719849,0.05467936396598816
5501,MI,MI,pathological,pathological,MI,0.0001492892042733729,0.9955498576164246,0.2458604872226715,0.023864785209298134,0.004449422936886549
2103,HYP,HYP,pathological,pathological,"STTC, HYP",3.8036050682421774e-05,0.17496849596500397,0.9783786535263062,0.05258480831980705,0.9860778450965881
11799,MI,NORM,pathological,normal,NORM,0.9004736542701721,0.07995551824569702,0.0057092574425041676,0.04605616629123688,0.0002409309963695705
8770,CD,STTC,pathological,pathological,STTC,0.36293336749076843,0.006940451916307211,0.6385590434074402,0.021377893164753914,0.0011460372479632497
10642,CD,NORM,pathological,normal,NORM,0.9399136304855347,0.002363416366279125,0.01690877042710781,0.03940858691930771,0.0033336402848362923
2743,STTC,STTC,pathological,pathological,STTC,0.09971698373556137,0.158050537109375,0.7721458673477173,0.03954525291919708,0.005888061597943306
18768,HYP,HYP,pathological,pathological,HYP,0.10075296461582184,0.00039275927701964974,0.027223948389291763,0.008033518679440022,0.8948328495025635
11619,NORM,NORM,normal,normal,"NORM, MI",0.5913892984390259,0.5357494950294495,0.003089030971750617,0.032347422093153,0.0015023413579910994
2219,HYP,STTC,pathological,pathological,"STTC, HYP",2.2524276573676616e-05,0.030764205381274223,0.9895469546318054,0.015869777649641037,0.983605682849884
9280,STTC,STTC,pathological,pathological,STTC,0.3052818477153778,0.0834822803735733,0.5937063694000244,0.12638027966022491,0.00979632418602705
17745,HYP,HYP,pathological,pathological,"STTC, HYP",0.07620342820882797,0.047564104199409485,0.35162535309791565,0.008773107081651688,0.8124275207519531
3608,HYP,NORM,pathological,normal,"NORM, STTC",0.5610934495925903,0.028079135343432426,0.3316667973995209,0.020559249445796013,0.1821543574333191
173,HYP,HYP,pathological,pathological,"STTC, HYP",0.045300714671611786,0.21375037729740143,0.43459728360176086,0.07788704335689545,0.8066158294677734
10692,NORM,NORM,normal,normal,NORM,0.8939203023910522,0.002777914283797145,0.010791539214551449,0.24992497265338898,0.009056479670107365
2734,STTC,NORM,pathological,normal,"NORM, HYP",0.5090370178222656,0.0743686854839325,0.19578371942043304,0.020046407356858253,0.31204792857170105
9704,NORM,NORM,normal,normal,NORM,0.9927374720573425,0.0003351216437295079,0.0010579338995739818,0.0027443249709904194,0.0008852986502461135
20915,HYP,MI,pathological,pathological,"MI, STTC, HYP",8.796884503681213e-05,0.9703262448310852,0.5447375178337097,0.003993526101112366,0.8807960748672485
13176,STTC,STTC,pathological,pathological,STTC,0.012301018461585045,0.04703246057033539,0.9584128260612488,0.028623972088098526,0.0032546718139201403
2896,MI,MI,pathological,pathological,MI,3.853731686831452e-05,0.9994784593582153,0.05526023358106613,0.05197058990597725,0.0017285385401919484
21274,HYP,STTC,pathological,pathological,"STTC, HYP",0.08361900597810745,0.08641447126865387,0.7291406393051147,0.00630452623590827,0.20960339903831482
6616,STTC,MI,pathological,pathological,MI,0.27237045764923096,0.6114983558654785,0.1390870064496994,0.1352563351392746,0.014988304115831852
16886,CD,STTC,pathological,pathological,"MI, STTC, CD",0.0012360651744529605,0.848737895488739,0.8804377317428589,0.36530059576034546,0.14713406562805176
6527,MI,MI,pathological,pathological,MI,0.012202159501612186,0.9825277924537659,0.012441113591194153,0.0024291337467730045,0.0003287732251919806
6384,MI,MI,pathological,pathological,MI,0.09906604886054993,0.6940650939941406,0.22512312233448029,0.03127573803067207,0.18405446410179138
12586,STTC,STTC,pathological,pathological,"MI, STTC",0.0011157500557601452,0.5242070555686951,0.9336004257202148,0.009669755585491657,0.04172688350081444
11024,STTC,MI,pathological,pathological,"MI, STTC",0.017278090119361877,0.8231265544891357,0.537164568901062,0.10544713586568832,0.02458101324737072
8980,STTC,STTC,pathological,pathological,STTC,0.04063180461525917,0.07793459296226501,0.8553178906440735,0.008667525835335255,0.01526803057640791
17830,HYP,HYP,pathological,pathological,"STTC, HYP",0.0036840615794062614,0.037106551229953766,0.6325377225875854,0.004104826599359512,0.9699559807777405
3218,HYP,NORM,pathological,normal,NORM,0.8396193385124207,0.0015520080924034119,0.014317904599010944,0.005523056723177433,0.19287335872650146
8451,STTC,STTC,pathological,pathological,"MI, STTC, CD",0.12391667813062668,0.3640291690826416,0.5045202970504761,0.27746859192848206,0.017687063664197922
2863,HYP,STTC,pathological,pathological,"STTC, HYP",0.0019951399881392717,0.3244696259498596,0.9203643202781677,0.10306005924940109,0.7686192393302917
15218,MI,MI,pathological,pathological,MI,0.0021587887313216925,0.9581738710403442,0.2746531367301941,0.002533897291868925,0.004478904884308577
20354,HYP,HYP,pathological,pathological,"MI, STTC, HYP",0.0004520180227700621,0.40600651502609253,0.9323432445526123,0.018076084554195404,0.9636272192001343
13388,STTC,CD,pathological,pathological,"STTC, CD",0.03285721689462662,0.030149906873703003,0.598477303981781,0.7945598363876343,0.014051447622478008
6357,NORM,NORM,normal,normal,NORM,0.9869704246520996,0.0018647494725883007,0.0012708499561995268,0.001287094666622579,0.0013665960868820548
10385,NORM,NORM,normal,normal,NORM,0.8699485659599304,0.06540943682193756,0.005736329592764378,0.13243235647678375,0.006216919049620628
761,MI,STTC,pathological,pathological,STTC,9.588821558281779e-05,0.33825424313545227,0.9678198099136353,0.028696730732917786,0.004729953594505787
10250,NORM,NORM,normal,normal,NORM,0.9962420463562012,2.2116028048912995e-05,0.004303460009396076,0.0006476540584117174,4.434297443367541e-05
7580,NORM,NORM,normal,normal,NORM,0.9502077698707581,0.0017726041842252016,0.0072466060519218445,0.007499964442104101,0.04074195399880409
5106,NORM,NORM,normal,normal,NORM,0.997437596321106,8.293990686070174e-05,0.0021900106221437454,0.0004971551825292408,7.809748058207333e-05
11167,MI,MI,pathological,pathological,MI,0.003692986210808158,0.9874569773674011,0.04019186645746231,0.038602426648139954,0.0006308904266916215
658,CD,NORM,pathological,normal,NORM,0.867161214351654,0.004582352004945278,0.03176639601588249,0.008170568384230137,0.07855875790119171
2109,MI,STTC,pathological,pathological,STTC,0.0008643626933917403,0.32846254110336304,0.9371393322944641,0.026933467015624046,0.11584767699241638
21523,HYP,HYP,pathological,pathological,HYP,0.04008672386407852,0.0007276806281879544,0.04385306313633919,0.000864211586304009,0.9495744109153748
5656,HYP,NORM,pathological,normal,NORM,0.934500515460968,0.0005350017454475164,0.003097724635154009,0.011146589182317257,0.053268298506736755
17667,HYP,NORM,pathological,normal,"NORM, HYP",0.7268868088722229,0.0002027366717811674,0.01985626481473446,0.0010206879815086722,0.33544954657554626
17256,MI,STTC,pathological,pathological,"MI, STTC",0.007028645370155573,0.583465039730072,0.767376184463501,0.027503972873091698,0.03746706619858742
12614,HYP,HYP,pathological,pathological,HYP,0.026937397196888924,0.04735178127884865,0.18011362850666046,0.0025830764789134264,0.9137110114097595
8587,MI,MI,pathological,pathological,MI,0.004161390010267496,0.985278844833374,0.11511895805597305,0.024353688582777977,0.0008383578970097005
11442,CD,MI,pathological,pathological,"MI, CD",4.850048753723968e-06,0.9987115859985352,0.00526000652462244,0.9822016358375549,0.056842729449272156
20589,NORM,NORM,normal,normal,NORM,0.8701693415641785,0.1383633017539978,0.0045508272014558315,0.008872319012880325,0.00044657159014604986
6794,HYP,MI,pathological,pathological,MI,0.04343632608652115,0.945800244808197,0.01860012859106064,0.012651683762669563,0.023666460067033768
7525,STTC,STTC,pathological,pathological,STTC,0.0001755479461280629,0.009287552908062935,0.9959090948104858,0.05360167473554611,0.038756489753723145
19530,HYP,STTC,pathological,pathological,"STTC, HYP",0.000128203522763215,0.08271650224924088,0.9912039041519165,0.009349559433758259,0.7952716946601868
8247,STTC,STTC,pathological,pathological,STTC,0.010475756600499153,0.008941849693655968,0.9732321500778198,0.008502461947500706,0.0027319733053445816
6048,MI,MI,pathological,pathological,"MI, STTC",1.7651776943239383e-05,0.9817274808883667,0.7197877764701843,0.002657105214893818,0.010362028144299984
6039,CD,CD,pathological,pathological,CD,0.23392346501350403,0.07040366530418396,0.0033829021267592907,0.9519628286361694,0.006308865267783403
8051,NORM,NORM,normal,normal,NORM,0.9876466989517212,0.0026682051829993725,0.0013007665984332561,0.00360802817158401,0.00028072623535990715
12781,HYP,HYP,pathological,pathological,HYP,0.05997535586357117,0.005504203028976917,0.05446359142661095,0.024722596630454063,0.9138928651809692
6515,STTC,CD,pathological,pathological,CD,0.18787337839603424,0.28180554509162903,0.28329727053642273,0.594619631767273,0.15898928046226501
19783,CD,CD,pathological,pathological,"MI, STTC, CD, HYP",4.880707274423912e-05,0.6378534436225891,0.874582052230835,0.9716600775718689,0.7743867039680481
17940,CD,CD,pathological,pathological,CD,0.003190702060237527,0.18820595741271973,0.1208338662981987,0.9977360963821411,0.16582483053207397
8066,CD,STTC,pathological,pathological,"STTC, CD, HYP",0.0012693668249994516,0.15441882610321045,0.9508361220359802,0.3015613555908203,0.5040658116340637
1914,HYP,MI,pathological,pathological,"MI, HYP",0.00027956359554082155,0.9712837934494019,0.13674545288085938,0.022461360320448875,0.8720738291740417
18432,CD,MI,pathological,pathological,"MI, STTC, HYP",3.2128168641065713e-06,0.9814512729644775,0.7479403018951416,0.2154046595096588,0.9705926179885864
13606,MI,STTC,pathological,pathological,STTC,0.0663597509264946,0.07606835663318634,0.8365330696105957,0.03480451926589012,0.012589968740940094
1846,CD,CD,pathological,pathological,"CD, HYP",0.004782370291650295,0.019584646448493004,0.004222423303872347,0.999789834022522,0.22628740966320038
4161,MI,STTC,pathological,pathological,STTC,0.002057506702840328,0.06458054482936859,0.9639390110969543,0.003764176042750478,0.0002737529866863042
1537,MI,STTC,pathological,pathological,"MI, STTC, HYP",8.77809725352563e-05,0.8326464295387268,0.9336936473846436,0.03032124973833561,0.9247579574584961
6456,MI,MI,pathological,pathological,MI,0.3852083086967468,0.6393641233444214,0.012369528412818909,0.006071652285754681,0.006822235882282257
9611,STTC,STTC,pathological,pathological,STTC,0.1884567141532898,0.007139949128031731,0.8487271666526794,0.009938623756170273,0.008517430163919926
14687,NORM,NORM,normal,normal,NORM,0.9806399345397949,0.0035013649612665176,0.0031470321118831635,0.0045442539267241955,0.0017394330352544785
17325,HYP,HYP,pathological,pathological,"MI, HYP",0.08494878560304642,0.4726025462150574,0.04275646433234215,0.14898090064525604,0.6659090518951416
15792,STTC,STTC,pathological,pathological,"MI, STTC",0.0024190961848944426,0.4797728955745697,0.8929252624511719,0.026726357638835907,0.15002022683620453
19968,MI,MI,pathological,pathological,"MI, STTC",0.00046281659160740674,0.9773476123809814,0.4296324551105499,0.08497188240289688,0.007524594664573669
18555,MI,MI,pathological,pathological,MI,9.707882418297231e-05,0.9988285899162292,0.01744016446173191,0.00016755859542172402,0.0005438580992631614
11784,MI,NORM,pathological,normal,NORM,0.6879358291625977,0.2729029655456543,0.014692356809973717,0.004235831089317799,0.0068079084157943726
7140,HYP,MI,pathological,pathological,"MI, STTC, HYP",4.736544724437408e-05,0.9944306015968323,0.5978101491928101,0.144928440451622,0.31583496928215027
13402,CD,NORM,pathological,normal,"NORM, CD",0.7218356132507324,0.025990473106503487,0.0012345232535153627,0.6763880252838135,0.004867493640631437
7690,STTC,STTC,pathological,pathological,STTC,0.00202616723254323,0.051631078124046326,0.9720463752746582,0.13602672517299652,0.0490950345993042
16141,CD,NORM,pathological,normal,"NORM, CD",0.7034598588943481,0.00895082950592041,0.022205643355846405,0.3876826763153076,0.002365132560953498
16838,MI,MI,pathological,pathological,MI,0.006308936979621649,0.9933974742889404,0.001822539372369647,0.007507137954235077,0.001937281689606607
6904,STTC,STTC,pathological,pathological,"NORM, STTC",0.4660933315753937,0.0722045823931694,0.5710846781730652,0.04991097375750542,0.01872071623802185
11569,HYP,MI,pathological,pathological,"MI, STTC, HYP",1.7452953215979505e-06,0.997307300567627,0.8541121482849121,0.011327528394758701,0.5804103016853333
12010,NORM,NORM,normal,normal,NORM,0.9981862902641296,6.56852571410127e-05,0.00036679007462225854,0.0009871649090200663,8.410295413341373e-05
16680,MI,MI,pathological,pathological,MI,3.0122848784230882e-06,0.9998881816864014,0.012425131164491177,0.003109700046479702,0.006651104427874088
20775,MI,MI,pathological,pathological,"MI, CD",0.2680915594100952,0.6199725866317749,0.05963771417737007,0.3780710995197296,0.02186490409076214
14330,HYP,STTC,pathological,pathological,"STTC, HYP",0.05696634575724602,0.04508970305323601,0.7037114500999451,0.027411019429564476,0.6625204086303711
786,CD,CD,pathological,pathological,CD,0.054003775119781494,0.00802975706756115,0.018513182178139687,0.9681383371353149,0.0011784716043621302
2505,HYP,STTC,pathological,pathological,"STTC, HYP",0.00601720716804266,0.006947380490601063,0.9626488089561462,0.018066443502902985,0.6272231936454773
10697,HYP,MI,pathological,pathological,"MI, STTC, HYP",4.471349711820949e-06,0.9893313646316528,0.8888753056526184,0.08270743489265442,0.7841395735740662
2493,CD,CD,pathological,pathological,"MI, CD",0.0014638486318290234,0.48356348276138306,0.07544221729040146,0.997037410736084,0.17696033418178558
10758,NORM,NORM,normal,normal,NORM,0.9939313530921936,0.0004447715182323009,0.0009224191890098155,0.007258052006363869,0.0002391016314504668
8442,MI,MI,pathological,pathological,"MI, CD",0.09754811227321625,0.7285935282707214,0.12773476541042328,0.6385570168495178,0.02188805490732193
20063,STTC,STTC,pathological,pathological,STTC,0.0016404062043875456,0.009971993044018745,0.9821599125862122,0.14267852902412415,0.06209846958518028
4578,MI,MI,pathological,pathological,MI,0.00013192027108743787,0.9976949095726013,0.18679405748844147,0.21679270267486572,0.01941428706049919
13763,MI,MI,pathological,pathological,MI,1.0950951036647893e-05,0.9993367791175842,0.05416250228881836,0.000812675163615495,0.012917802669107914
20494,CD,CD,pathological,pathological,CD,0.0028331722132861614,0.004961835220456123,0.006631763651967049,0.9994460940361023,0.05399748682975769
20944,NORM,NORM,normal,normal,NORM,0.9941990375518799,0.002262336667627096,0.0005992273800075054,0.0007168684969656169,5.491540287039243e-05
5681,NORM,NORM,normal,normal,NORM,0.994390070438385,0.0002653445990290493,0.0019621283281594515,0.003128533251583576,0.00014739015023224056
21017,STTC,NORM,pathological,normal,NORM,0.9881771206855774,0.0014023053226992488,0.0022040107287466526,0.03398795425891876,0.0004894363810308278
14793,CD,CD,pathological,pathological,CD,0.0026656470727175474,0.02543642744421959,0.20528706908226013,0.9956350922584534,0.006939399987459183
9157,STTC,STTC,pathological,pathological,STTC,0.0012288433499634266,0.2005232572555542,0.9587303996086121,0.0029684193432331085,0.002155670430511236
2148,HYP,STTC,pathological,pathological,"STTC, HYP",0.0008817430934868753,0.16677184402942657,0.9723580479621887,0.029475627467036247,0.6387966871261597
10340,STTC,STTC,pathological,pathological,STTC,0.02649371325969696,0.03868911787867546,0.9197559952735901,0.060459062457084656,0.004811076447367668
411,NORM,NORM,normal,normal,NORM,0.9941800236701965,0.0015579862520098686,0.0005025280406698585,0.0037529366090893745,0.0001453301520086825
10205,HYP,NORM,pathological,normal,NORM,0.982353150844574,0.000499125977512449,0.0011580785503610969,0.0014046997530385852,0.0060753305442631245
11546,STTC,STTC,pathological,pathological,STTC,0.0002750810526777059,0.02027721516788006,0.9929980039596558,0.01252777874469757,0.009888610802590847
13083,HYP,HYP,pathological,pathological,"MI, STTC, HYP",1.3691368394574965e-07,0.713736891746521,0.9964690208435059,0.008855759166181087,0.9991798996925354
7558,NORM,NORM,normal,normal,NORM,0.9975907802581787,0.00039855181239545345,0.0003420953871682286,0.000500578957144171,5.589718057308346e-05
19420,NORM,NORM,normal,normal,NORM,0.9867422580718994,0.0004104413965251297,0.0007837841985747218,0.051315609365701675,0.0005941553972661495
1591,HYP,HYP,pathological,pathological,HYP,0.1146225705742836,0.04727504774928093,0.06316228955984116,0.09929614514112473,0.8319477438926697
10171,HYP,HYP,pathological,pathological,HYP,0.07177276164293289,0.00035760452738031745,0.0965842753648758,0.01761457696557045,0.881324827671051
19726,CD,MI,pathological,pathological,"MI, CD",4.7529472794849426e-05,0.9976036548614502,0.2543628513813019,0.4508529603481293,0.006501588970422745
17222,MI,MI,pathological,pathological,"MI, STTC",0.0001111061210394837,0.9903272986412048,0.5363535284996033,0.002235103165730834,0.0034676273353397846
14721,CD,CD,pathological,pathological,"CD, HYP",0.0015924848848953843,0.0298850629478693,0.00801236554980278,0.9992841482162476,0.2547502815723419
12445,MI,MI,pathological,pathological,MI,0.001449962379410863,0.9920652508735657,0.1388162076473236,0.06068815290927887,0.019112884998321533
3205,HYP,HYP,pathological,pathological,HYP,0.07235182076692581,0.002304079243913293,0.1376689076423645,0.00796472281217575,0.9232590198516846
17477,CD,MI,pathological,pathological,"MI, STTC, CD",1.857352071965579e-05,0.9780413508415222,0.7943935394287109,0.8162021040916443,0.13038276135921478
19272,MI,MI,pathological,pathological,"MI, CD",0.04357011988759041,0.7420985698699951,0.2293856143951416,0.324485182762146,0.07298852503299713
9075,CD,NORM,pathological,normal,NORM,0.9662667512893677,0.002733913715928793,0.012293893843889236,0.04741761088371277,0.0013285309541970491
21568,HYP,STTC,pathological,pathological,"STTC, HYP",2.608883733046241e-06,0.0007263096631504595,0.9992802143096924,0.0018623786745592952,0.9228672981262207
6207,NORM,NORM,normal,normal,NORM,0.9407876133918762,0.011826961301267147,0.00527681689709425,0.02335904724895954,0.0045031034387648106
13694,HYP,STTC,pathological,pathological,"STTC, HYP",0.00023989217879716307,0.1653016209602356,0.9829176068305969,0.020795287564396858,0.7339972853660583
17443,NORM,NORM,normal,normal,NORM,0.9978577494621277,9.510052768746391e-05,0.00011656290735118091,0.001682436908595264,0.0001849807595135644
16176,STTC,STTC,pathological,pathological,STTC,0.004915088415145874,0.16598431766033173,0.9599847793579102,0.08138525485992432,0.03388802334666252
4195,MI,MI,pathological,pathological,"MI, STTC",0.00140570814255625,0.950110137462616,0.5641279220581055,0.043044399470090866,0.007468610070645809
10388,HYP,NORM,pathological,normal,NORM,0.9302400350570679,0.0017806735122576356,0.008441098965704441,0.007807270158082247,0.08189284056425095
20726,STTC,STTC,pathological,pathological,"STTC, HYP",0.20198993384838104,0.02069997228682041,0.6975288987159729,0.02099214307963848,0.2084769308567047
9767,MI,MI,pathological,pathological,MI,0.002106201136484742,0.977599024772644,0.051637932658195496,0.08698739111423492,0.011550339870154858
20638,HYP,STTC,pathological,pathological,"STTC, HYP",0.00040629899012856185,0.08917488902807236,0.9620533585548401,0.0007337640272453427,0.5201596617698669
17070,STTC,MI,pathological,pathological,MI,0.34813192486763,0.4688679277896881,0.06775113195180893,0.028520492836833,0.004326493013650179
503,STTC,STTC,pathological,pathological,STTC,0.1311098039150238,0.3059006333351135,0.6107556819915771,0.03183579072356224,0.010304254479706287
9121,NORM,NORM,normal,normal,NORM,0.9947781562805176,6.4103449403774e-05,0.000842614215798676,0.012538036331534386,0.0003536814474500716
14546,NORM,NORM,normal,normal,NORM,0.7613769769668579,0.10212381929159164,0.009456583298742771,0.05607757717370987,0.1005193293094635
11602,MI,MI,pathological,pathological,MI,0.05860535800457001,0.8467660546302795,0.06640598177909851,0.013492011465132236,7.890045526437461e-05
20073,HYP,STTC,pathological,pathological,"STTC, HYP",0.0008184478501789272,0.13174733519554138,0.9733000993728638,0.007486701477319002,0.8410614728927612
21101,NORM,NORM,normal,normal,"NORM, CD",0.7660422921180725,0.047228939831256866,0.010952652432024479,0.4793168306350708,0.009959153831005096
12442,MI,MI,pathological,pathological,MI,0.0272485613822937,0.8973849415779114,0.18408288061618805,0.04718902334570885,0.011112451553344727
3024,NORM,NORM,normal,normal,NORM,0.9927722811698914,3.50802147295326e-05,0.00035914432373829186,0.003166648792102933,0.00659951800480485
19932,MI,MI,pathological,pathological,"MI, HYP",0.00011033885675715283,0.991421103477478,0.2794777750968933,0.24613122642040253,0.2162518948316574
1229,STTC,STTC,pathological,pathological,STTC,0.01692213863134384,0.10347854346036911,0.902310848236084,0.08474460989236832,0.02629866823554039
3001,CD,CD,pathological,pathological,"MI, CD",2.9833481676178053e-05,0.9667016863822937,0.038070421665906906,0.9978603720664978,0.00884584616869688
13471,MI,MI,pathological,pathological,MI,0.02912941202521324,0.9485400319099426,0.05184442549943924,0.02845756709575653,0.0013700827257707715
7694,NORM,NORM,normal,normal,"NORM, STTC",0.7583809494972229,6.723359547322616e-05,0.3993057310581207,0.0003034703549928963,0.000251435034442693
15727,STTC,STTC,pathological,pathological,STTC,0.35675370693206787,0.012387068010866642,0.5584049224853516,0.005742076318711042,0.0023227790370583534
2168,NORM,NORM,normal,normal,NORM,0.9899643063545227,0.0022800855804234743,0.0006707809516228735,0.0032037440687417984,0.00025449416716583073
16257,NORM,NORM,normal,normal,NORM,0.934162974357605,0.002352858893573284,0.0670795738697052,0.011705249547958374,0.0006758541567251086
10912,MI,MI,pathological,pathological,MI,0.21844032406806946,0.4070236086845398,0.32868459820747375,0.0017748676473274827,0.017686424776911736
2036,NORM,NORM,normal,normal,"NORM, CD",0.5380043387413025,0.1226734146475792,0.028328444808721542,0.31262025237083435,0.012685274705290794
18776,HYP,NORM,pathological,normal,NORM,0.7202677130699158,0.0004244020383339375,0.008710580877959728,0.20286503434181213,0.18614940345287323
3242,CD,CD,pathological,pathological,"CD, HYP",0.00030597427394241095,0.0806664302945137,0.003465845249593258,0.9999387264251709,0.23895959556102753
15859,HYP,STTC,pathological,pathological,"STTC, HYP",0.00024141227186191827,0.017052141949534416,0.9956491589546204,0.013206655159592628,0.6090542078018188
19797,MI,MI,pathological,pathological,MI,0.016993289813399315,0.980786144733429,0.0033135940320789814,0.00744805159047246,0.0003665514523163438
17501,MI,MI,pathological,pathological,"MI, CD",0.000330223236232996,0.9486197829246521,0.05993616580963135,0.9160279035568237,0.0004332234675530344
8450,STTC,STTC,pathological,pathological,STTC,0.023988451808691025,0.1833941787481308,0.9205217361450195,0.03489456698298454,0.051192756742239
6371,HYP,STTC,pathological,pathological,"STTC, HYP",0.00024195099831558764,0.004291580989956856,0.9914138317108154,0.02996324934065342,0.679834246635437
16107,HYP,STTC,pathological,pathological,"NORM, STTC",0.5086331367492676,0.004917346406728029,0.5159677267074585,0.002848194446414709,0.13001155853271484
17811,NORM,NORM,normal,normal,NORM,0.9867945313453674,0.0004867993702646345,0.0011317444732412696,0.0030169752426445484,0.003865164238959551
18681,CD,CD,pathological,pathological,"MI, STTC, CD, HYP",4.7415614972123876e-05,0.44764310121536255,0.9491012692451477,0.9562886357307434,0.6655153632164001
849,STTC,STTC,pathological,pathological,STTC,0.12266974151134491,0.07717759907245636,0.7836640477180481,0.016076793894171715,0.012573505751788616
14139,NORM,CD,normal,pathological,"MI, CD",0.20368866622447968,0.45470958948135376,0.02657935582101345,0.45837634801864624,0.052121032029390335
1592,MI,MI,pathological,pathological,MI,0.002723860554397106,0.9834533333778381,0.11843537539243698,0.15582886338233948,0.009178005158901215
7345,MI,MI,pathological,pathological,MI,0.0017558058025315404,0.9891019463539124,0.16728992760181427,0.09554131329059601,0.0429111085832119
21537,HYP,HYP,pathological,pathological,HYP,0.33771100640296936,0.03262975811958313,0.04340331256389618,0.05729638412594795,0.6276423335075378
19827,CD,CD,pathological,pathological,"MI, CD, HYP",8.169418288161978e-05,0.904204785823822,0.1249425932765007,0.9988641738891602,0.3592347502708435
18292,MI,MI,pathological,pathological,MI,0.013680389150977135,0.9747442603111267,0.020177407190203667,0.026294337585568428,0.0033699709456413984
3852,CD,CD,pathological,pathological,CD,0.20130743086338043,0.03418963775038719,0.0021115276031196117,0.9625734686851501,0.004640002269297838
11310,MI,MI,pathological,pathological,MI,0.0023020468652248383,0.9409403800964355,0.30367526412010193,0.20196770131587982,0.012473947368562222
6796,STTC,STTC,pathological,pathological,STTC,0.0024943656753748655,0.17962385714054108,0.9556600451469421,0.012439040467143059,0.0473514050245285
4390,NORM,NORM,normal,normal,NORM,0.9747709631919861,0.01092569064348936,0.002189137740060687,0.0025007009971886873,0.0016150420997291803
943,HYP,MI,pathological,pathological,"MI, HYP",0.008943636901676655,0.9452008008956909,0.19666267931461334,0.061456821858882904,0.27575889229774475
12933,MI,MI,pathological,pathological,MI,0.00013392245455179363,0.9968863129615784,0.1339883953332901,0.03732652962207794,0.003297679591923952
20145,STTC,STTC,pathological,pathological,STTC,0.00841829739511013,0.007484709843993187,0.9495318531990051,0.018317265436053276,0.11823712289333344
8070,NORM,NORM,normal,normal,NORM,0.9773154258728027,0.00639328034594655,0.003442728891968727,0.0016653427155688405,0.000902273808605969
5836,NORM,NORM,normal,normal,NORM,0.831350564956665,0.18200819194316864,0.012796041555702686,0.00681773666292429,0.009417952969670296
4377,CD,MI,pathological,pathological,"MI, CD",7.532894414907787e-06,0.996570348739624,0.0032511050812900066,0.9952200055122375,0.03566844388842583
7870,NORM,NORM,normal,normal,NORM,0.980793833732605,0.003027857979759574,0.0032617843244224787,0.014666191302239895,0.00044489599531516433
10775,CD,CD,pathological,pathological,CD,0.019463354721665382,0.11491751670837402,0.010051760822534561,0.9824593663215637,0.010728885419666767
2862,STTC,NORM,pathological,normal,NORM,0.9726313352584839,0.0007908850675448775,0.044013384729623795,0.0022893210407346487,0.0007459766929969192
4384,CD,STTC,pathological,pathological,"STTC, CD",0.009389537386596203,0.18247176706790924,0.897722601890564,0.3449207544326782,0.02004740573465824
19041,MI,MI,pathological,pathological,MI,0.01845838502049446,0.9558262228965759,0.11915131658315659,0.015339824371039867,0.0025773728266358376
16522,MI,MI,pathological,pathological,"MI, STTC",0.01467191707342863,0.7468104362487793,0.4650673568248749,0.0014795158058404922,0.0004620130348484963
13454,MI,MI,pathological,pathological,MI,0.003829310182482004,0.9460784792900085,0.24182133376598358,0.010378891602158546,0.04011695832014084
1789,CD,CD,pathological,pathological,CD,0.0007522208616137505,0.04491923749446869,0.318324476480484,0.9985393285751343,0.022716281935572624
20361,MI,MI,pathological,pathological,MI,5.497331585502252e-06,0.9998786449432373,0.01198248565196991,0.08904405683279037,0.007055412046611309
6508,STTC,MI,pathological,pathological,"MI, STTC",0.00335245905444026,0.9288854002952576,0.42217549681663513,0.15044671297073364,0.00809982605278492
16417,MI,MI,pathological,pathological,MI,0.007185581140220165,0.992184579372406,0.0011353337904438376,0.010849302634596825,0.011162372305989265
3642,HYP,STTC,pathological,pathological,"STTC, HYP",6.190699059516191e-05,0.015600633807480335,0.9979078769683838,0.02039293944835663,0.8891004920005798
8601,HYP,STTC,pathological,pathological,STTC,0.0046785371378064156,0.19829991459846497,0.8780468702316284,0.0031831765081733465,0.022121110931038857
12178,CD,CD,pathological,pathological,"CD, HYP",9.681397932581604e-05,0.00023711541143711656,0.00828359555453062,0.9996542930603027,0.8159964084625244
19822,STTC,NORM,pathological,normal,NORM,0.9516355395317078,0.004565262235701084,0.02787068486213684,0.0023013176396489143,0.00025794983957894146
10080,STTC,STTC,pathological,pathological,STTC,0.018481556326150894,0.11121625453233719,0.9222800731658936,0.01656651869416237,0.006826033350080252
6642,MI,MI,pathological,pathological,MI,0.042037833482027054,0.9580621123313904,0.0029326030053198338,0.08274412900209427,0.008260641247034073
13023,STTC,STTC,pathological,pathological,STTC,0.11194219440221786,0.005029242020100355,0.8646072149276733,0.0010921400971710682,0.0020175969693809748
3483,HYP,HYP,pathological,pathological,"STTC, HYP",0.2720125615596771,0.022136732935905457,0.36723288893699646,0.037683386355638504,0.4813583493232727
14393,STTC,NORM,pathological,normal,"NORM, STTC",0.4402207136154175,0.019987579435110092,0.4341416358947754,0.0423685722053051,0.0004274376551620662
14902,NORM,NORM,normal,normal,NORM,0.9963490962982178,0.00015092920511960983,0.0002800320216920227,0.0160919688642025,0.0002542901784181595
17628,NORM,NORM,normal,normal,NORM,0.9939892292022705,0.00010921450302703306,0.00025610747979953885,0.009817462414503098,0.0014209605287760496
14128,STTC,STTC,pathological,pathological,STTC,0.03232941776514053,0.023332899436354637,0.9270665645599365,0.18855507671833038,0.011184457689523697
5376,STTC,STTC,pathological,pathological,STTC,0.019178304821252823,0.018080126494169235,0.944133996963501,0.004986798856407404,0.0740930587053299
1765,STTC,STTC,pathological,pathological,STTC,0.014591948129236698,0.2787928283214569,0.8971361517906189,0.028984053060412407,0.016652939841151237
1895,STTC,MI,pathological,pathological,"MI, STTC",0.012645276263356209,0.6343600749969482,0.6169906854629517,0.0674830824136734,0.004822562448680401
770,CD,NORM,pathological,normal,"NORM, CD",0.7696314454078674,0.06687605381011963,0.0041152238845825195,0.3645954728126526,0.004452249966561794
4399,HYP,STTC,pathological,pathological,"STTC, HYP",1.2169604815426283e-05,0.08820570260286331,0.9971062541007996,0.22365234792232513,0.8949348330497742
18216,MI,MI,pathological,pathological,MI,0.05452888831496239,0.9452977180480957,0.01954261027276516,0.00769546814262867,0.0017810303252190351
5078,STTC,STTC,pathological,pathological,STTC,0.025791585445404053,0.13592372834682465,0.8879940509796143,0.008763197809457779,0.04336494952440262
13445,HYP,MI,pathological,pathological,"MI, HYP",0.00018138244922738522,0.9933627843856812,0.23850484192371368,0.013573133386671543,0.2701456844806671
9828,STTC,STTC,pathological,pathological,STTC,0.018070371821522713,0.012860708869993687,0.9604928493499756,0.01219475269317627,0.009952009655535221
7442,STTC,STTC,pathological,pathological,STTC,0.019923284649848938,0.038737110793590546,0.9203082323074341,0.0026695518754422665,0.015569491311907768
5226,STTC,STTC,pathological,pathological,STTC,0.016548296436667442,0.018958618864417076,0.942077100276947,0.12272274494171143,0.011977626010775566
5881,STTC,STTC,pathological,pathological,"MI, STTC",0.006069102790206671,0.6611862778663635,0.7492615580558777,0.008387172594666481,0.0016958628548309207
15115,CD,MI,pathological,pathological,"MI, STTC, CD, HYP",0.009438862092792988,0.7882028818130493,0.4519517123699188,0.7032613158226013,0.4687778949737549
1792,STTC,MI,pathological,pathological,"MI, HYP",0.1222928985953331,0.6918412446975708,0.32471227645874023,0.031069373711943626,0.28528860211372375
6913,STTC,STTC,pathological,pathological,STTC,0.00396713986992836,0.3303557336330414,0.9360682964324951,0.00894920900464058,0.02970816381275654
1738,MI,MI,pathological,pathological,"MI, STTC",0.002285350114107132,0.9657552242279053,0.37468573451042175,0.04107408598065376,0.09678219258785248
2610,MI,STTC,pathological,pathological,STTC,0.06918799132108688,0.10782883316278458,0.830114483833313,0.021822692826390266,0.042506974190473557
9084,CD,CD,pathological,pathological,"MI, STTC, CD",0.00018133076082449406,0.5398041009902954,0.7195429801940918,0.9787554740905762,0.0941227599978447
3978,MI,MI,pathological,pathological,MI,0.008453110232949257,0.9719128012657166,0.04299047589302063,0.029086453840136528,0.004278336651623249
6886,NORM,NORM,normal,normal,NORM,0.8186373710632324,0.0048881396651268005,0.15092851221561432,0.0122618293389678,0.040578752756118774
10968,NORM,NORM,normal,normal,NORM,0.9868246912956238,0.0016580050578340888,0.002568937838077545,0.010485250502824783,0.0004268100019544363
16135,MI,MI,pathological,pathological,MI,0.20389217138290405,0.7468748688697815,0.023795880377292633,0.24290917813777924,0.018039848655462265
12562,CD,CD,pathological,pathological,CD,0.006577424705028534,0.08105526119470596,0.09039006382226944,0.9914712309837341,0.19276387989521027
16125,CD,CD,pathological,pathological,"STTC, CD",0.0006291757454164326,0.2210664302110672,0.6268261075019836,0.9798429608345032,0.004541994072496891
20294,STTC,MI,pathological,pathological,MI,0.018955180421471596,0.8437529802322388,0.31365570425987244,0.06631497293710709,0.0031079326290637255
6764,MI,MI,pathological,pathological,MI,0.27935269474983215,0.489816814661026,0.18029651045799255,0.08671645075082779,0.0220829788595438
5522,STTC,STTC,pathological,pathological,"MI, STTC",0.0036831218749284744,0.5727823972702026,0.7808760404586792,0.04661443829536438,0.0057820770889520645
19657,CD,MI,pathological,pathological,MI,6.890919030411169e-05,0.9977176189422607,0.22798892855644226,0.1814737319946289,0.021784525364637375
10175,NORM,NORM,normal,normal,NORM,0.8017683625221252,0.1429625302553177,0.04645480215549469,0.008879966102540493,0.000976475072093308
21000,CD,MI,pathological,pathological,"MI, STTC",0.03928300738334656,0.8242033123970032,0.33471018075942993,0.037985000759363174,0.02824598178267479
17537,MI,CD,pathological,pathological,"CD, HYP",0.22789274156093597,0.3412972688674927,0.2800436019897461,0.4273678958415985,0.3251204192638397
6376,CD,CD,pathological,pathological,"MI, STTC, CD",0.0009468356147408485,0.4644622802734375,0.37569889426231384,0.9868916869163513,0.005667456891387701
17965,CD,CD,pathological,pathological,CD,0.0006235199398361146,0.347329705953598,0.026174146682024002,0.9986347556114197,0.019560907036066055
14046,NORM,NORM,normal,normal,NORM,0.9594513773918152,0.010335681028664112,0.0014430060982704163,0.009858249686658382,0.002045840723440051
8344,MI,MI,pathological,pathological,MI,0.013994037173688412,0.9718154072761536,0.01599883660674095,0.18921662867069244,0.011943933553993702
4442,CD,CD,pathological,pathological,CD,8.595629333285615e-05,4.853490099776536e-05,0.00040735097718425095,0.9999914169311523,0.029980510473251343
18829,STTC,STTC,pathological,pathological,STTC,0.011910835281014442,0.00591855775564909,0.9710032343864441,0.0009459962020628154,0.011708243750035763
15888,HYP,STTC,pathological,pathological,"STTC, HYP",1.2105745554435998e-05,0.2142937332391739,0.9931426048278809,0.011534719727933407,0.9766650199890137
18875,STTC,STTC,pathological,pathological,STTC,0.005980514455586672,0.03965539112687111,0.9617757797241211,0.06677061319351196,0.006164385937154293
20717,STTC,STTC,pathological,pathological,STTC,0.023050323128700256,0.07711777836084366,0.8974512815475464,0.008006405085325241,0.0030020345002412796
9706,STTC,STTC,pathological,pathological,STTC,0.10991081595420837,0.025280315428972244,0.8472693562507629,0.0024956201668828726,0.002440771786496043
9339,NORM,NORM,normal,normal,NORM,0.8317856788635254,0.0020974003709852695,0.19533869624137878,0.0023467533756047487,0.00037496929871849716
8470,NORM,NORM,normal,normal,NORM,0.9958875775337219,0.001795853371731937,0.00025119108613580465,0.0006517686997540295,7.917895709397271e-05
3222,MI,MI,pathological,pathological,MI,9.678315109340474e-05,0.9988096952438354,0.045337408781051636,0.010597548447549343,0.017115838825702667
11516,STTC,STTC,pathological,pathological,STTC,0.4000591039657593,0.02333875186741352,0.5746399760246277,0.008860004134476185,0.0946107730269432
10426,STTC,STTC,pathological,pathological,STTC,0.29244691133499146,0.006726234685629606,0.7407029271125793,0.015013487078249454,0.010121144354343414
9395,HYP,HYP,pathological,pathological,"STTC, HYP",9.132534017908256e-08,0.0027664785739034414,0.9993281960487366,0.0016140423249453306,0.9999239444732666
16254,NORM,NORM,normal,normal,NORM,0.9306174516677856,0.002715173875913024,0.08872916549444199,0.0027501280419528484,0.00033365865238010883
7195,HYP,STTC,pathological,pathological,"STTC, HYP",0.0005485380534082651,0.06813421845436096,0.9758373498916626,0.21167446672916412,0.9252428412437439
8192,NORM,NORM,normal,normal,NORM,0.9644885063171387,0.0029904141556471586,0.03198686242103577,0.0021854047663509846,0.002096892334520817
18973,MI,MI,pathological,pathological,MI,0.00047268610796891153,0.9974828362464905,0.027281513437628746,0.007970334030687809,0.0005701877526007593
3660,HYP,NORM,pathological,normal,NORM,0.7134721279144287,0.011745314113795757,0.00317896855995059,0.0442778617143631,0.003330859122797847
8553,NORM,NORM,normal,normal,NORM,0.9182159900665283,0.012755824252963066,0.04332247003912926,0.004054838325828314,0.00017009038128890097
5591,MI,MI,pathological,pathological,MI,0.0021448619663715363,0.9805708527565002,0.19241009652614594,0.028073512017726898,0.0056978268548846245
5500,NORM,NORM,normal,normal,NORM,0.9667856097221375,0.002603260800242424,0.0024619223549962044,0.04800251126289368,0.00045668534585274756
17239,MI,MI,pathological,pathological,MI,0.0015676290495321155,0.9926003217697144,0.04474626109004021,0.003931086044758558,0.0002548938791733235
4741,STTC,STTC,pathological,pathological,STTC,0.14681783318519592,0.04901557415723801,0.72378009557724,0.002979372162371874,0.005645571742206812
20184,MI,MI,pathological,pathological,MI,0.0049024345353245735,0.9809185266494751,0.07896291464567184,0.021316489204764366,0.0023225117474794388
21069,NORM,NORM,normal,normal,NORM,0.9921444654464722,0.0010845668148249388,0.0008440276724286377,0.011181103996932507,0.00012872953084297478
2257,STTC,NORM,pathological,normal,CD,0.3175053298473358,0.16968286037445068,0.30659377574920654,0.2654044032096863,0.1493387669324875
3680,STTC,NORM,pathological,normal,"STTC, HYP",0.3972975015640259,0.2866312265396118,0.3447609841823578,0.09248869121074677,0.2993934154510498
11537,NORM,NORM,normal,normal,NORM,0.6693086624145508,0.001466412446461618,0.285494863986969,0.10513574630022049,0.0027828284073621035
20880,STTC,STTC,pathological,pathological,STTC,0.09995196014642715,0.007764715235680342,0.8589950203895569,0.0007926247781142592,0.015550049021840096
16391,NORM,HYP,normal,pathological,HYP,0.3808954358100891,0.10706747323274612,0.011310596019029617,0.008737859316170216,0.5561419129371643
954,NORM,NORM,normal,normal,NORM,0.8629423975944519,0.004275217652320862,0.06158309429883957,0.003939678426831961,0.048918064683675766
4031,CD,NORM,pathological,normal,"NORM, STTC",0.525204062461853,0.0043519665487110615,0.4199148118495941,0.050859250128269196,0.08646541833877563
2398,NORM,NORM,normal,normal,NORM,0.998449444770813,8.77736893016845e-05,0.00037181476363912225,0.000369226181646809,2.9314389394130558e-05
17681,MI,CD,pathological,pathological,CD,0.343731164932251,0.0396525003015995,0.0005141010624356568,0.8169112205505371,0.0028299111872911453
19541,HYP,STTC,pathological,pathological,"STTC, HYP",3.996840678155422e-05,0.33478572964668274,0.9940114617347717,0.06500966846942902,0.9651769995689392
19527,NORM,NORM,normal,normal,NORM,0.8356146812438965,0.004856786224991083,0.05674922838807106,0.17211845517158508,0.0001356063730781898
2411,CD,STTC,pathological,pathological,"STTC, HYP",0.08805893361568451,0.2937694191932678,0.424591988325119,0.06299582123756409,0.3627355694770813
3043,NORM,NORM,normal,normal,NORM,0.9809821844100952,0.0018990897806361318,0.0016624651616439223,0.0020423808600753546,0.00579922366887331
5326,NORM,NORM,normal,normal,NORM,0.7988055348396301,0.021785937249660492,0.013834447599947453,0.0070731667801737785,0.1017102375626564
14607,NORM,NORM,normal,normal,NORM,0.9988808035850525,1.1507167073432356e-05,0.00020965126168448478,0.0026835151948034763,9.130077523877844e-05
1982,CD,CD,pathological,pathological,"MI, CD, HYP",0.0002470351755619049,0.7288405895233154,0.19003495573997498,0.910254716873169,0.28239336609840393
19939,STTC,STTC,pathological,pathological,"MI, STTC",0.01582104153931141,0.46966060996055603,0.7510950565338135,0.05137749761343002,0.0029357976745814085
19486,NORM,NORM,normal,normal,NORM,0.8617498278617859,0.0003262895334046334,0.002093119081109762,0.10299940407276154,0.13083630800247192
18583,HYP,STTC,pathological,pathological,"MI, STTC, HYP",6.6619209064811e-06,0.9242603182792664,0.9660362005233765,0.0020350657869130373,0.8795257806777954
4015,HYP,STTC,pathological,pathological,"MI, STTC",0.0048904637806117535,0.7400009632110596,0.7721229791641235,0.06423033028841019,0.18406493961811066
20996,MI,MI,pathological,pathological,MI,0.0004172153421677649,0.9967315196990967,0.036093853414058685,0.17725442349910736,0.007574537768959999
3451,NORM,NORM,normal,normal,NORM,0.9928106069564819,0.0005975941894575953,0.0011302889324724674,0.00938428845256567,0.0001693372760200873
9070,CD,CD,pathological,pathological,"CD, HYP",0.00012896370026282966,0.004450520966202021,0.0016886957455426455,0.9999731779098511,0.40436092019081116
12197,MI,MI,pathological,pathological,MI,0.00022832004469819367,0.9990719556808472,0.008897344581782818,0.041660863906145096,0.0046756980009377
1203,MI,MI,pathological,pathological,"MI, STTC",0.0002850079908967018,0.9867817163467407,0.46566423773765564,0.08745136857032776,0.037392061203718185
12674,HYP,NORM,pathological,normal,"NORM, HYP",0.7021002769470215,0.01319213304668665,0.023055220022797585,0.006271430291235447,0.3072221577167511
17259,STTC,NORM,pathological,normal,NORM,0.9374433755874634,0.013519550673663616,0.029812907800078392,0.010114353150129318,0.0015111658722162247
19413,NORM,MI,normal,pathological,MI,0.34102538228034973,0.45681101083755493,0.12289480119943619,0.02369551733136177,0.005742357112467289
8004,HYP,MI,pathological,pathological,"MI, HYP",0.19592320919036865,0.41024354100227356,0.24093925952911377,0.021811723709106445,0.40168532729148865
9978,CD,STTC,pathological,pathological,"STTC, CD",0.0008890234748832881,0.2591901421546936,0.8918177485466003,0.7906556129455566,0.04887396842241287
17021,NORM,NORM,normal,normal,NORM,0.9534615874290466,0.008800654672086239,0.01852322556078434,0.003994457423686981,0.0010028057731688023
16429,NORM,NORM,normal,normal,NORM,0.9713576436042786,0.0026971534825861454,0.004200663883239031,0.017469212412834167,0.0038603455759584904
11130,CD,CD,pathological,pathological,CD,0.020363034680485725,0.024316785857081413,0.03110593929886818,0.987167239189148,0.003479417646303773
13025,NORM,NORM,normal,normal,NORM,0.945809543132782,0.004492253065109253,0.04299696534872055,0.012515905313193798,0.0016687330789864063
5388,STTC,STTC,pathological,pathological,STTC,3.6417084629647434e-05,0.0011272620176896453,0.9988079071044922,0.00016228888125624508,0.009869584813714027
13667,NORM,NORM,normal,normal,NORM,0.9906871914863586,0.0013617533259093761,0.0031801792792975903,0.002224212046712637,0.00016904591757338494
15187,STTC,STTC,pathological,pathological,STTC,0.0017691954271867871,0.07158709317445755,0.9843549728393555,0.03017374500632286,0.019985314458608627
17655,STTC,STTC,pathological,pathological,"MI, STTC",0.0027614394202828407,0.6694772839546204,0.7997585535049438,0.05745229125022888,0.0017239624867215753
15294,CD,STTC,pathological,pathological,"MI, STTC, CD",0.00020205082546453923,0.3548659384250641,0.9471107125282288,0.7003539800643921,0.02407299168407917
16549,HYP,STTC,pathological,pathological,STTC,0.0029244478791952133,0.01723715476691723,0.9826756119728088,0.0025881060864776373,0.07037007808685303
1898,NORM,NORM,normal,normal,NORM,0.9956037402153015,0.00032297830330207944,0.002422686666250229,0.0005643540062010288,8.40373759274371e-05
21471,STTC,STTC,pathological,pathological,STTC,0.002415127120912075,0.004914137069135904,0.9883691072463989,0.0291582141071558,0.0021428056061267853
8787,STTC,STTC,pathological,pathological,STTC,0.008899195119738579,0.040843620896339417,0.9648549556732178,0.010768706910312176,0.056807659566402435
14830,STTC,STTC,pathological,pathological,STTC,0.07405932992696762,0.12027965486049652,0.7953636050224304,0.08802029490470886,0.004599208943545818
19577,CD,CD,pathological,pathological,"MI, CD, HYP",1.0124910659214947e-05,0.9834747910499573,0.06833740323781967,0.991336464881897,0.234141543507576
7097,CD,CD,pathological,pathological,"MI, CD, HYP",2.676535223145038e-05,0.9459382891654968,0.0037551389541476965,0.9995861649513245,0.47765207290649414
12970,HYP,STTC,pathological,pathological,STTC,0.05952296778559685,0.015087549574673176,0.8949120044708252,0.007739887107163668,0.12580308318138123
16508,MI,MI,pathological,pathological,"MI, STTC",0.0029761232435703278,0.9325765371322632,0.3789658844470978,0.002884011249989271,0.057670511305332184
2813,NORM,NORM,normal,normal,NORM,0.9702886343002319,0.007380825001746416,0.002801630413159728,0.013262324966490269,0.00011976108362432569
8204,STTC,STTC,pathological,pathological,"STTC, CD",0.04159858077764511,0.055964842438697815,0.8538958430290222,0.322783499956131,0.009396219626069069
3385,STTC,STTC,pathological,pathological,STTC,0.01770617626607418,0.00550452945753932,0.964297354221344,0.007293174508959055,0.012544282712042332
4993,HYP,STTC,pathological,pathological,STTC,0.02046399936079979,0.006728385109454393,0.9457411766052246,0.025358568876981735,0.07694064825773239
6073,CD,CD,pathological,pathological,"MI, CD",6.955519347684458e-05,0.9746527671813965,0.09779880940914154,0.9927030801773071,0.027945324778556824
8491,MI,MI,pathological,pathological,MI,0.0012708131689578295,0.9774401187896729,0.3001420199871063,0.015577387064695358,0.005120547953993082
2491,HYP,NORM,pathological,normal,HYP,0.37549781799316406,0.30540576577186584,0.3241725265979767,0.1502118855714798,0.29578256607055664
19786,CD,CD,pathological,pathological,"CD, HYP",0.0004830030375160277,0.28221431374549866,0.011421590112149715,0.9997333884239197,0.4445260763168335
11642,CD,CD,pathological,pathological,CD,0.0018062287708744407,0.0004356502613518387,0.00960015319287777,0.9994912147521973,0.047609295696020126
2234,HYP,HYP,pathological,pathological,"STTC, HYP",0.15411779284477234,0.005811341106891632,0.39957648515701294,0.025416886433959007,0.6646655201911926
11551,STTC,STTC,pathological,pathological,"MI, STTC",0.047646503895521164,0.36120110750198364,0.6891844272613525,0.01119348406791687,0.01946638897061348
10916,STTC,NORM,pathological,normal,NORM,0.9762904644012451,0.012420023791491985,0.002413482405245304,0.004221322946250439,0.00022223469568416476
14002,NORM,NORM,normal,normal,"NORM, HYP",0.482366144657135,0.047322921454906464,0.024090608581900597,0.11589961498975754,0.4294028580188751
10995,CD,MI,pathological,pathological,"MI, CD",3.411771103856154e-05,0.9953135251998901,0.1172584518790245,0.8960304856300354,0.019248683005571365
20377,STTC,STTC,pathological,pathological,STTC,0.0321519710123539,0.010415506549179554,0.9406676292419434,0.006116307806223631,0.005926811136305332
128,STTC,STTC,pathological,pathological,STTC,0.023716401308774948,0.09066076576709747,0.9047421216964722,0.06350553035736084,0.002059309044852853
12601,STTC,STTC,pathological,pathological,"MI, STTC",0.0013597573852166533,0.7552438378334045,0.8425313830375671,0.08446288108825684,0.17178641259670258
567,MI,MI,pathological,pathological,"MI, HYP",1.6188457721000304e-06,0.9810565114021301,0.27909135818481445,0.0009445075411349535,0.8452309966087341
14188,NORM,NORM,normal,normal,NORM,0.907757043838501,0.005444807931780815,0.05386187508702278,0.02673066034913063,0.0009145417716354132
1553,NORM,NORM,normal,normal,NORM,0.9604754447937012,0.0011181402951478958,0.022421078756451607,0.00278174108825624,0.010540507733821869
646,CD,MI,pathological,pathological,"MI, CD",2.584008871053811e-05,0.9954124689102173,0.283860445022583,0.8851493000984192,0.039731819182634354
20030,MI,MI,pathological,pathological,MI,0.3280307948589325,0.6916940212249756,0.00902243610471487,0.004272309597581625,0.011438642628490925
13553,MI,STTC,pathological,pathological,STTC,5.2338247769512236e-05,0.23994243144989014,0.9897749423980713,0.020548010244965553,0.10634905099868774
9068,MI,MI,pathological,pathological,"MI, STTC, CD",0.00038092824979685247,0.8929958343505859,0.7442808151245117,0.7092223167419434,0.19519533216953278
11545,MI,MI,pathological,pathological,MI,0.00016597562353126705,0.9941427111625671,0.19437699019908905,0.02418641559779644,0.07453126460313797
1742,STTC,STTC,pathological,pathological,STTC,0.0063753253780305386,0.033228859305381775,0.9752995371818542,0.07485785335302353,0.020271578803658485
15497,MI,MI,pathological,pathological,"MI, STTC",0.00017550494521856308,0.9919756054878235,0.45137861371040344,0.014587766490876675,0.03006848134100437
15144,NORM,STTC,normal,pathological,"NORM, STTC",0.5160940885543823,0.01412908174097538,0.5991072654724121,0.02575591579079628,0.08376894146203995
10023,NORM,NORM,normal,normal,NORM,0.9995204210281372,8.840494047035463e-06,8.536798122804612e-05,0.0007882738136686385,1.0221998309134506e-05
4931,MI,NORM,pathological,normal,NORM,0.7748790383338928,0.1945023536682129,0.0052663423120975494,0.07224208861589432,0.0007481025531888008
21309,HYP,MI,pathological,pathological,"MI, STTC, HYP",1.9861548935296014e-05,0.9732261300086975,0.7227206230163574,0.0025385222397744656,0.8785281777381897
3206,CD,MI,pathological,pathological,"MI, HYP",0.0066650244407355785,0.9041318893432617,0.2967655658721924,0.1313275396823883,0.5513822436332703
4362,MI,NORM,pathological,normal,NORM,0.6298646926879883,0.23229984939098358,0.1259491890668869,0.04672251641750336,0.07925718277692795
17452,STTC,STTC,pathological,pathological,"STTC, HYP",0.0013624337734654546,0.17142567038536072,0.9660905599594116,0.173768550157547,0.23803427815437317
3247,HYP,MI,pathological,pathological,"MI, STTC, HYP",0.0004114472249057144,0.9050161242485046,0.6431057453155518,0.0038736886344850063,0.5600569844245911
5042,CD,CD,pathological,pathological,CD,5.0796403229469433e-05,0.035913560539484024,0.0016941530629992485,0.999976396560669,0.03222246840596199
12264,STTC,NORM,pathological,normal,NORM,0.901174783706665,0.0005682652117684484,0.03844967857003212,0.001683928188867867,0.07205747067928314
13401,STTC,MI,pathological,pathological,"MI, STTC",0.00037645213888026774,0.8680601119995117,0.7666516304016113,0.017445992678403854,0.030726976692676544
20503,CD,CD,pathological,pathological,"MI, CD",0.0009915115078911185,0.5886570811271667,0.19906654953956604,0.9954637289047241,0.04280504956841469
11789,NORM,NORM,normal,normal,NORM,0.996206521987915,0.00016577602946199477,0.0008181261364370584,0.000861931184772402,0.000461683317553252
12627,CD,CD,pathological,pathological,CD,0.003821957390755415,0.013042397797107697,0.0027344324626028538,0.9998841285705566,0.11107566952705383
13855,CD,MI,pathological,pathological,"MI, STTC, CD, HYP",2.425188085908303e-07,0.99843829870224,0.4210594892501831,0.9859559535980225,0.22739118337631226
12974,STTC,NORM,pathological,normal,"NORM, STTC",0.5991411805152893,0.019323766231536865,0.3889195919036865,0.0032876578625291586,0.0004796999564860016
5231,HYP,NORM,pathological,normal,"NORM, HYP",0.6149223446846008,0.12327098101377487,0.017418190836906433,0.08812624216079712,0.3629911243915558
7029,MI,MI,pathological,pathological,MI,0.000816061336081475,0.9789645075798035,0.3088705241680145,0.06230214610695839,0.07669395208358765
6075,NORM,NORM,normal,normal,NORM,0.9778567552566528,0.005467560607939959,0.002577974461019039,0.010060462169349194,0.0008946467423811555
8793,MI,MI,pathological,pathological,MI,0.0013320987345650792,0.9973498582839966,0.006839378271251917,0.022625651210546494,0.0009287010761909187
547,CD,CD,pathological,pathological,"MI, CD",0.008824624121189117,0.7570804357528687,0.14361423254013062,0.9231029748916626,0.06301534175872803
15177,HYP,STTC,pathological,pathological,"MI, STTC, HYP",0.0007159283268265426,0.5953887701034546,0.9324835538864136,0.007872247137129307,0.4967496693134308
3862,CD,MI,pathological,pathological,"MI, CD",0.0036831535398960114,0.9697560667991638,0.16477160155773163,0.28810569643974304,0.018993690609931946
20233,MI,MI,pathological,pathological,MI,0.0014135325327515602,0.9821076989173889,0.18562862277030945,0.059620894491672516,0.09140534698963165
7909,STTC,STTC,pathological,pathological,STTC,0.0006586692179553211,0.2005159854888916,0.9721956849098206,0.0065392800606787205,0.02638440951704979
15343,NORM,NORM,normal,normal,NORM,0.8523117303848267,0.018526092171669006,0.07919993996620178,0.05123990774154663,0.0010449717519804835
10630,NORM,NORM,normal,normal,NORM,0.9785142540931702,0.0035220675636082888,0.0032086693681776524,0.01188858225941658,0.0023145999293774366
14924,STTC,STTC,pathological,pathological,STTC,0.09997884184122086,0.04846331849694252,0.8121296167373657,0.03219538554549217,0.004624651279300451
1036,HYP,HYP,pathological,pathological,"STTC, HYP",3.0943567708163755e-06,0.13155554234981537,0.9936007857322693,0.004503954201936722,0.9946856498718262
17951,MI,MI,pathological,pathological,"NORM, MI",0.4919741749763489,0.5570176243782043,0.02542339265346527,0.07482223212718964,0.008486109785735607
2575,NORM,NORM,normal,normal,NORM,0.9981598258018494,6.85975028318353e-05,0.0003204784879926592,0.0014042985858395696,7.60224720579572e-05
2046,NORM,NORM,normal,normal,NORM,0.9761855006217957,0.0036019389517605305,0.005476479418575764,0.013310378417372704,0.002580653876066208
6773,STTC,STTC,pathological,pathological,STTC,0.04798002168536186,0.04283486306667328,0.8795879483222961,0.005297568626701832,0.0022235477808862925
14523,STTC,NORM,pathological,normal,"STTC, HYP",0.4274536073207855,0.018437249585986137,0.3396877646446228,0.009571186266839504,0.3306694030761719
6858,STTC,NORM,pathological,normal,"NORM, STTC",0.5746771097183228,0.012396994978189468,0.4702061116695404,0.01685960218310356,0.005211947951465845
9041,STTC,MI,pathological,pathological,MI,0.01695265807211399,0.9531143307685852,0.05663381516933441,0.012602932751178741,0.0022062682546675205
2325,NORM,NORM,normal,normal,NORM,0.9705429077148438,0.005155261140316725,0.004400415811687708,0.027804527431726456,0.0010670435149222612
7358,HYP,STTC,pathological,pathological,"STTC, CD, HYP",1.0422682862554211e-05,0.17549769580364227,0.9947466254234314,0.4541040062904358,0.9922741651535034
3591,NORM,NORM,normal,normal,NORM,0.9246326684951782,0.06868615001440048,0.0016151529271155596,0.04708755388855934,0.0009074705303646624
5153,MI,NORM,pathological,normal,NORM,0.8372330665588379,0.31532955169677734,0.0013986043632030487,0.004927195608615875,0.00015671897563152015
20000,HYP,STTC,pathological,pathological,"STTC, HYP",0.00075922766700387,0.03504288196563721,0.9641570448875427,0.001865112455561757,0.7900213599205017
7497,HYP,STTC,pathological,pathological,"MI, STTC, HYP",1.2863195479440037e-05,0.5027405023574829,0.9934723973274231,0.008527692407369614,0.9703437089920044
855,HYP,STTC,pathological,pathological,STTC,0.24889425933361053,0.17452441155910492,0.4398629069328308,0.08288954198360443,0.028157494962215424
1354,CD,NORM,pathological,normal,NORM,0.9310526251792908,0.003400984453037381,0.004934539552778006,0.17828650772571564,0.006264156196266413
3604,STTC,STTC,pathological,pathological,STTC,0.22189275920391083,0.0703507661819458,0.6852320432662964,0.015291282907128334,0.002892309334129095
16906,CD,CD,pathological,pathological,CD,0.00014824076788499951,0.09981235861778259,0.006246194243431091,0.9999147653579712,0.034338753670454025
9001,NORM,NORM,normal,normal,NORM,0.9063401222229004,0.0019935378804802895,0.04840102791786194,0.012157033197581768,0.002210690174251795
21014,NORM,NORM,normal,normal,NORM,0.7745761871337891,0.2078247368335724,0.002483561635017395,0.011878777295351028,0.020483866333961487
15836,MI,MI,pathological,pathological,MI,0.0007267056498676538,0.9838278293609619,0.31775224208831787,0.010002728551626205,0.0020932925399392843
7487,STTC,STTC,pathological,pathological,"MI, STTC",0.08801606297492981,0.46500852704048157,0.5812563896179199,0.008056559599936008,0.004310957156121731
5816,NORM,NORM,normal,normal,NORM,0.9851226210594177,0.003052456071600318,0.0011995872482657433,0.004201912321150303,0.0005755166639573872
14210,NORM,NORM,normal,normal,NORM,0.9894083738327026,0.0001386748772347346,0.0013176678912714124,0.0048498352989554405,0.00535432156175375
5360,MI,NORM,pathological,normal,NORM,0.7040718793869019,0.2656306326389313,0.037479352205991745,0.008327693678438663,0.001065230113454163
802,NORM,NORM,normal,normal,NORM,0.9262726902961731,0.03008764237165451,0.025885436683893204,0.008985025808215141,0.0070653208531439304
8377,STTC,STTC,pathological,pathological,STTC,0.0008329405100084841,0.02941676415503025,0.9894521832466125,0.06258105486631393,0.005798902362585068
1745,HYP,NORM,pathological,normal,NORM,0.9917662739753723,0.0006474244873970747,0.0029058216605335474,0.00224565458483994,0.0006277373759075999
15795,STTC,NORM,pathological,normal,NORM,0.889927327632904,0.04862746596336365,0.046297088265419006,0.005940587259829044,0.0007982190581969917
13188,CD,STTC,pathological,pathological,"STTC, CD",0.0006168378167785704,0.04658256471157074,0.9104342460632324,0.8596668839454651,0.07247292995452881
15142,NORM,NORM,normal,normal,"NORM, STTC",0.64985191822052,0.003455979283899069,0.43115314841270447,0.04644409194588661,0.017288457602262497
13867,STTC,STTC,pathological,pathological,"STTC, CD",0.017750518396496773,0.23398204147815704,0.8103914856910706,0.36168742179870605,0.009310857392847538
18416,NORM,MI,normal,pathological,MI,0.014147997833788395,0.983376681804657,0.000615732918959111,0.08795446157455444,0.0024135250132530928
1811,STTC,STTC,pathological,pathological,STTC,0.37282606959342957,0.002212452469393611,0.7194859981536865,0.0009361682459712029,0.0013301419094204903
21446,STTC,STTC,pathological,pathological,STTC,0.21859608590602875,0.20235948264598846,0.6106215715408325,0.03127896040678024,0.02118772454559803
8156,HYP,NORM,pathological,normal,"NORM, HYP",0.5624943375587463,0.0003890117513947189,0.014701609499752522,0.006153138354420662,0.5075241327285767
12548,HYP,NORM,pathological,normal,"NORM, HYP",0.8493489027023315,2.9457029086188413e-05,0.002457606140524149,0.0006427449407055974,0.2873898148536682
5930,CD,STTC,pathological,pathological,STTC,0.2989247143268585,0.012516074813902378,0.6545420289039612,0.03688359260559082,0.004577304236590862
13353,NORM,NORM,normal,normal,NORM,0.9753586649894714,0.0006705917185172439,0.02999107353389263,0.0031709896866232157,0.000942677550483495
10074,MI,MI,pathological,pathological,"MI, STTC",0.00021284451941028237,0.989416778087616,0.3849638104438782,0.010808579623699188,0.009544182568788528
2805,HYP,CD,pathological,pathological,"MI, CD",0.05293916538357735,0.7388889193534851,0.033573511987924576,0.7833703756332397,0.038131166249513626
19648,CD,MI,pathological,pathological,"MI, CD",4.807232471648604e-06,0.9988833069801331,0.12008899450302124,0.909098744392395,0.01989234983921051
5842,HYP,STTC,pathological,pathological,"MI, STTC",0.0007290977519005537,0.7472517490386963,0.9191597104072571,0.0573553666472435,0.1047046035528183
2869,CD,HYP,pathological,pathological,"STTC, CD, HYP",0.0002637613797560334,0.07060359418392181,0.95978182554245,0.7075979709625244,0.9620146751403809
19632,MI,MI,pathological,pathological,MI,2.2077892936067656e-06,0.9999456405639648,0.008690343238413334,0.014620005153119564,0.0005256352014839649
6926,HYP,CD,pathological,pathological,CD,0.033503953367471695,0.2598276436328888,0.11716339737176895,0.9491273760795593,0.08447728306055069
13563,CD,CD,pathological,pathological,"MI, CD",0.0017814644379541278,0.40695977210998535,0.004578069318085909,0.9954565763473511,0.00781690888106823
21194,MI,MI,pathological,pathological,MI,9.98430623440072e-05,0.9990474581718445,0.03275753930211067,0.0011060122633352876,0.00010973981989081949
10704,STTC,STTC,pathological,pathological,"MI, STTC",0.004592051729559898,0.4329509437084198,0.9029526710510254,0.07088934630155563,0.12016689032316208
5188,MI,STTC,pathological,pathological,"NORM, STTC",0.44120001792907715,0.03813683241605759,0.4592708647251129,0.03468549624085426,0.07567568123340607
15481,NORM,NORM,normal,normal,NORM,0.851640522480011,0.18534564971923828,0.004861803259700537,0.013858974911272526,0.0008333343430422246
10953,MI,MI,pathological,pathological,MI,0.002219035057350993,0.9924388527870178,0.0486396960914135,0.04326731339097023,0.002421511569991708
4105,CD,MI,pathological,pathological,"MI, STTC, HYP",0.001393284066580236,0.9006209969520569,0.854607105255127,0.01943315379321575,0.5124155879020691
5347,MI,MI,pathological,pathological,MI,0.025151927024126053,0.9173962473869324,0.08386214822530746,0.05163981020450592,0.0017289969837293029
12944,NORM,NORM,normal,normal,NORM,0.9917376637458801,3.3533829991938546e-05,0.010169724933803082,0.0032621207647025585,0.00032380950869992375
18534,HYP,HYP,pathological,pathological,"STTC, HYP",4.778001311933622e-05,0.005751385819166899,0.9056374430656433,0.006724403239786625,0.9983896017074585
12622,NORM,NORM,normal,normal,NORM,0.9680899977684021,0.0004680562997236848,0.006255655083805323,0.005853741895407438,0.008667468093335629
16951,MI,MI,pathological,pathological,MI,0.017636580392718315,0.9741721153259277,0.009124597534537315,0.1015000119805336,0.006806622259318829
16189,CD,CD,pathological,pathological,"STTC, CD, HYP",3.794775693677366e-05,0.00476880045607686,0.8128090500831604,0.9938088059425354,0.8975195288658142
21076,HYP,NORM,pathological,normal,NORM,0.7313885688781738,0.0016965937102213502,0.058323025703430176,0.00027081125881522894,0.13946431875228882
2517,MI,MI,pathological,pathological,MI,0.09016042202711105,0.8055500388145447,0.103450708091259,0.002209106693044305,0.001122592482715845
15757,STTC,STTC,pathological,pathological,"STTC, CD",0.010934182442724705,0.0715709775686264,0.8979297876358032,0.34492337703704834,0.10212525725364685
15855,STTC,STTC,pathological,pathological,STTC,0.33993062376976013,0.17477953433990479,0.5675411224365234,0.03933171555399895,0.017420075833797455
18271,HYP,STTC,pathological,pathological,"STTC, HYP",0.00011869297304656357,0.14788754284381866,0.993009090423584,0.008941220119595528,0.8854796886444092
9484,MI,MI,pathological,pathological,MI,0.02384178712964058,0.870069682598114,0.319418728351593,0.010912399739027023,0.05078845098614693
2336,CD,NORM,pathological,normal,NORM,0.8668493628501892,0.03363471105694771,0.00844547525048256,0.06789962202310562,0.00985465757548809
12146,NORM,NORM,normal,normal,NORM,0.5347845554351807,0.08721093833446503,0.17783239483833313,0.006967721041291952,0.044671837240457535
6953,STTC,STTC,pathological,pathological,"STTC, CD",0.005213616881519556,0.34082359075546265,0.7343804836273193,0.644313395023346,0.10005994886159897
1051,NORM,NORM,normal,normal,NORM,0.9149737358093262,0.004734411370009184,0.0017584034940227866,0.0038105587009340525,0.10186579078435898
6869,CD,CD,pathological,pathological,CD,0.3108242154121399,0.26763585209846497,0.006174353417009115,0.7276146411895752,0.015284139662981033
19389,MI,MI,pathological,pathological,"NORM, MI",0.44983580708503723,0.4962448477745056,0.04826890677213669,0.1306399255990982,0.07847466319799423
4108,HYP,HYP,pathological,pathological,"STTC, HYP",0.0005557709373533726,0.017000721767544746,0.9270117282867432,0.00540948798879981,0.9878833889961243
8520,STTC,STTC,pathological,pathological,"MI, STTC",0.02995941787958145,0.4279922544956207,0.6729130744934082,0.07918278872966766,0.0017825068207457662
8987,NORM,NORM,normal,normal,NORM,0.9932293891906738,0.001105229719541967,0.0013579011429101229,0.0011392062297090888,0.00016197428340092301
9890,NORM,NORM,normal,normal,NORM,0.7407546639442444,0.09892486780881882,0.0586874783039093,0.01995178312063217,0.061665501445531845
18662,CD,NORM,pathological,normal,NORM,0.7168772220611572,0.04789254814386368,0.25003713369369507,0.028793565928936005,0.0018017037073150277
19336,STTC,STTC,pathological,pathological,STTC,0.006525995209813118,0.02111136168241501,0.9762315154075623,0.012883167713880539,0.004137569572776556
5275,NORM,NORM,normal,normal,NORM,0.9957144856452942,6.336017395369709e-05,0.0006191118736751378,0.009939965792000294,0.0001277568662771955
21451,MI,MI,pathological,pathological,MI,5.720003173337318e-05,0.9989618062973022,0.21059904992580414,0.04474304988980293,0.012302333489060402
2627,MI,NORM,pathological,normal,NORM,0.8444403409957886,0.11756961047649384,0.020454715937376022,0.0029574204236268997,0.002504460047930479
13124,STTC,STTC,pathological,pathological,STTC,0.0761120393872261,0.0025892965495586395,0.917340874671936,0.0032928604632616043,0.0002558705164119601
2904,NORM,NORM,normal,normal,NORM,0.9507043361663818,0.003454380203038454,0.012741810642182827,0.012640086002647877,0.008497881703078747
12245,HYP,STTC,pathological,pathological,STTC,0.002688710344955325,0.14218081533908844,0.9781289100646973,0.014559798873960972,0.07300539314746857
19476,STTC,STTC,pathological,pathological,STTC,0.002220641355961561,0.0019447689410299063,0.9932792782783508,0.0032555568031966686,0.011284854263067245
12673,HYP,HYP,pathological,pathological,HYP,0.016322799026966095,0.0004230660561006516,0.02901010401546955,0.12360352277755737,0.9592693448066711
10333,STTC,MI,pathological,pathological,MI,0.2625211179256439,0.3630474805831909,0.1749773919582367,0.012697368860244751,0.013789312914013863
6516,NORM,NORM,normal,normal,NORM,0.970735490322113,0.002338541205972433,0.013364192098379135,0.012865351513028145,0.003137860679998994
7147,NORM,NORM,normal,normal,NORM,0.9839080572128296,0.0011060860706493258,0.0008226297213695943,0.051532600075006485,0.0012223905650898814
13477,STTC,STTC,pathological,pathological,STTC,0.3107439875602722,0.22641389071941376,0.44615858793258667,0.020660938695073128,0.004845494404435158
10505,CD,STTC,pathological,pathological,"STTC, CD",0.3119858205318451,0.017625868320465088,0.4521673023700714,0.4024759829044342,0.06576161086559296
21356,NORM,NORM,normal,normal,NORM,0.9936551451683044,0.0014939230168238282,0.0006434176466427743,0.0014618370914831758,0.00013278858386911452
7737,HYP,MI,pathological,pathological,"MI, HYP",0.0008000691886991262,0.9751869440078735,0.18477341532707214,0.006356952711939812,0.46050572395324707
16796,HYP,HYP,pathological,pathological,"MI, STTC, HYP",3.683176714730507e-07,0.9878126978874207,0.8915848135948181,0.002519888337701559,0.9878813028335571
17369,MI,MI,pathological,pathological,MI,0.0011857772478833795,0.9972332119941711,0.0036380309611558914,0.020921533927321434,0.0036263996735215187
9757,MI,MI,pathological,pathological,MI,0.027462199330329895,0.945763885974884,0.024709753692150116,0.0161967221647501,0.013037009164690971
5726,NORM,NORM,normal,normal,NORM,0.9920564293861389,0.0007271060021594167,0.0014195592375472188,0.0031786104664206505,0.0004819866153411567
12084,MI,MI,pathological,pathological,MI,0.0009345533326268196,0.9457070827484131,0.2881682217121124,0.018627380952239037,0.045643195509910583
2897,NORM,NORM,normal,normal,NORM,0.9904749989509583,0.003041519783437252,0.0006998145254328847,0.004178034141659737,0.00017525827570352703
8488,HYP,MI,pathological,pathological,"MI, STTC, HYP",1.5955089338604012e-06,0.9987758994102478,0.7494351863861084,0.1662948876619339,0.3962229788303375
6918,HYP,HYP,pathological,pathological,"MI, STTC, HYP",0.0003614409943111241,0.6982580423355103,0.7271955013275146,0.03544454276561737,0.9589129686355591
12868,CD,CD,pathological,pathological,"STTC, CD",0.00037269011954776943,0.031177639961242676,0.9122554063796997,0.9578047394752502,0.02401687763631344
17409,MI,NORM,pathological,normal,NORM,0.9763409495353699,0.013232282362878323,0.0018714435864239931,0.007221114821732044,0.00025247226585634053
4222,STTC,STTC,pathological,pathological,STTC,0.11363440006971359,0.08392941206693649,0.7493957281112671,0.008789866231381893,0.0009178349282592535
1411,CD,CD,pathological,pathological,"MI, CD",0.015355988405644894,0.7051409482955933,0.10532880574464798,0.8553822636604309,0.008940324187278748
15070,MI,NORM,pathological,normal,NORM,0.49532219767570496,0.29818716645240784,0.21708770096302032,0.05756344646215439,0.027657290920615196
16375,MI,MI,pathological,pathological,"NORM, MI",0.46291977167129517,0.5572550892829895,0.06089870259165764,0.08199642598628998,0.005447742063552141
6644,HYP,STTC,pathological,pathological,"STTC, HYP",1.744465043884702e-05,0.0029546504374593496,0.9974391460418701,0.011743560433387756,0.9219019412994385
312,NORM,NORM,normal,normal,NORM,0.9991106390953064,3.5437300539342687e-05,0.0005518061225302517,0.00012733385665342212,1.4158109479467385e-05
17836,NORM,NORM,normal,normal,NORM,0.9934419393539429,0.0008784499950706959,0.0009956662543118,0.0007117700879462063,0.00020396926265675575
17124,CD,MI,pathological,pathological,"MI, STTC, CD",8.010434976313263e-05,0.9958910942077637,0.3666795790195465,0.3329544961452484,0.1913101226091385
10267,NORM,NORM,normal,normal,NORM,0.9967868328094482,0.0001517352502560243,0.0013948386767879128,0.0011591551592573524,5.5375538067892194e-05
5489,MI,MI,pathological,pathological,MI,0.04782445356249809,0.9765695929527283,0.0024137143045663834,0.002426999621093273,0.0005819587968289852
13904,HYP,HYP,pathological,pathological,"STTC, HYP",1.177662215923192e-05,0.05945679545402527,0.9652149677276611,0.0010887167882174253,0.9968269467353821
1843,NORM,NORM,normal,normal,NORM,0.9556458592414856,0.03179299086332321,0.0026694033294916153,0.017584072425961494,0.0010608142474666238
19588,STTC,STTC,pathological,pathological,STTC,0.0016617235960438848,0.3445337116718292,0.9379108548164368,0.06081981956958771,0.0028339254204183817
11658,MI,MI,pathological,pathological,MI,0.0031715172808617353,0.9734036922454834,0.15642337501049042,0.14485801756381989,0.03467187285423279
10001,CD,CD,pathological,pathological,"STTC, CD",0.00014676495629828423,0.07933032512664795,0.9372725486755371,0.9536284804344177,0.06572303920984268
8399,MI,STTC,pathological,pathological,"MI, STTC, CD",0.00028329528868198395,0.8156331777572632,0.8177446722984314,0.6562662124633789,0.12038420140743256
3105,NORM,NORM,normal,normal,NORM,0.9969651103019714,3.1944837246555835e-05,0.00021971232490614057,0.0028111059218645096,0.0012802619021385908
8718,HYP,MI,pathological,pathological,MI,0.06471728533506393,0.6920090913772583,0.08453769236803055,0.001047354657202959,0.03237928822636604
19816,CD,CD,pathological,pathological,"CD, HYP",0.00014998763799667358,8.78904465935193e-05,0.0022988261189311743,0.9996240139007568,0.788028359413147
21134,HYP,HYP,pathological,pathological,HYP,0.08630187064409256,0.00216110423207283,0.03316262736916542,0.003044144017621875,0.9063277840614319
10647,STTC,STTC,pathological,pathological,STTC,0.005620318930596113,0.03762582689523697,0.972793459892273,0.026587985455989838,0.006366215646266937
18110,STTC,STTC,pathological,pathological,STTC,0.1277374029159546,0.04283488914370537,0.7662035822868347,0.16564296185970306,0.030232952907681465
3901,CD,NORM,pathological,normal,NORM,0.6343785524368286,0.2389388531446457,0.0972689688205719,0.22661423683166504,0.007817518897354603
1573,NORM,NORM,normal,normal,NORM,0.9342890977859497,0.005272883456200361,0.023764852434396744,0.08384484797716141,0.001323188073001802
9340,NORM,NORM,normal,normal,NORM,0.8374022245407104,0.04049505293369293,0.05535241961479187,0.017593136057257652,0.019724225625395775
9230,MI,NORM,pathological,normal,NORM,0.5775800347328186,0.3248344361782074,0.0233432836830616,0.1672017127275467,0.022137925028800964
11431,HYP,MI,pathological,pathological,"MI, STTC, CD, HYP",0.022872328758239746,0.8522688746452332,0.3462865352630615,0.3094821870326996,0.4467868506908417
9602,CD,STTC,pathological,pathological,STTC,0.0503508523106575,0.29386526346206665,0.7203793525695801,0.14357177913188934,0.002718693343922496
11205,CD,CD,pathological,pathological,"CD, HYP",0.007504892535507679,0.2709406614303589,0.04852524399757385,0.9290831089019775,0.6051520705223083
18800,HYP,HYP,pathological,pathological,"MI, STTC, HYP",5.723322260564601e-07,0.950481653213501,0.9282562136650085,0.001225750776939094,0.994251549243927
1001,NORM,NORM,normal,normal,NORM,0.995119035243988,0.00012574525317177176,0.0007429590914398432,0.006062712054699659,0.0006157408352009952
13794,MI,MI,pathological,pathological,MI,8.660248568048701e-05,0.9963058233261108,0.23432761430740356,0.13209663331508636,0.005014424212276936
17816,CD,HYP,pathological,pathological,"MI, STTC, HYP",0.0013995649060234427,0.7170678973197937,0.782806396484375,0.20545920729637146,0.7933708429336548
11015,STTC,STTC,pathological,pathological,STTC,0.13583499193191528,0.3227459192276001,0.6558252573013306,0.04019443318247795,0.034600939601659775
18006,CD,MI,pathological,pathological,MI,0.3547268807888031,0.7311651706695557,0.018697408959269524,0.04137345775961876,0.002915788907557726
17171,NORM,NORM,normal,normal,NORM,0.998981773853302,5.90071540500503e-05,5.6318101997021586e-05,0.0009346611332148314,5.104108640807681e-05
6878,NORM,NORM,normal,normal,"NORM, MI",0.626124382019043,0.3614872395992279,0.004944648593664169,0.017857518047094345,0.03535863757133484
6387,MI,NORM,pathological,normal,NORM,0.55581134557724,0.08341270685195923,0.2786945104598999,0.007055939640849829,0.0017036369536072016
947,MI,MI,pathological,pathological,"MI, STTC",0.20741817355155945,0.5051360726356506,0.3503592908382416,0.0366501584649086,0.07000584155321121
8504,CD,CD,pathological,pathological,"CD, HYP",0.0013813653495162725,0.008057301864027977,0.00223154085688293,0.9999642372131348,0.34612345695495605
5488,HYP,HYP,pathological,pathological,HYP,0.0036785283591598272,0.1729566752910614,0.1621880680322647,0.004343254026025534,0.9552850127220154
8447,NORM,NORM,normal,normal,NORM,0.9715418219566345,0.011696464382112026,0.00238519674167037,0.010629775933921337,0.0009166790987364948
9646,NORM,NORM,normal,normal,NORM,0.9899185299873352,0.0022114550229161978,0.0007049613050185144,0.002322218846529722,0.0001972713362192735
18677,CD,CD,pathological,pathological,"CD, HYP",0.00031243645935319364,0.06954504549503326,0.14051958918571472,0.9996965527534485,0.31444987654685974
8300,CD,NORM,pathological,normal,"NORM, CD",0.6993507146835327,0.18198665976524353,0.020012762397527695,0.33277443051338196,0.021121583878993988
11564,NORM,NORM,normal,normal,NORM,0.9934722781181335,0.00019782682647928596,0.0005056177033111453,0.003403576323762536,0.0010399275925010443
20699,MI,MI,pathological,pathological,MI,2.922846942965407e-05,0.9973629117012024,0.3096355199813843,0.007834854535758495,0.08292348682880402
12928,CD,MI,pathological,pathological,MI,0.34388482570648193,0.3530476987361908,0.03497123718261719,0.2505095303058624,0.01375633291900158
1025,CD,HYP,pathological,pathological,"MI, STTC, HYP",4.829215072277293e-07,0.9554247260093689,0.9680758714675903,0.09775445610284805,0.9959806203842163
4753,CD,CD,pathological,pathological,CD,0.0004601110704243183,0.13411760330200195,0.005266254767775536,0.9909563660621643,0.030828019604086876
6661,CD,CD,pathological,pathological,CD,0.0018805195577442646,0.009123459458351135,0.02141846902668476,0.9995207786560059,0.16021670401096344
14167,HYP,MI,pathological,pathological,"MI, STTC, CD, HYP",0.016743076965212822,0.7826103568077087,0.3813726007938385,0.2999935746192932,0.5239956974983215
7300,STTC,STTC,pathological,pathological,STTC,0.026531243696808815,0.032282374799251556,0.9330539107322693,0.011008139699697495,0.0078017693012952805
18313,HYP,STTC,pathological,pathological,"STTC, HYP",0.07951103895902634,0.009207374416291714,0.8357284069061279,0.01899588853120804,0.25356096029281616
10592,NORM,NORM,normal,normal,NORM,0.940288782119751,0.09252321720123291,0.0007226138841360807,0.002553845290094614,0.0006513791158795357
15982,HYP,HYP,pathological,pathological,"STTC, HYP",4.726496626972221e-05,0.06570082157850266,0.8958550095558167,0.00048405988491140306,0.997957706451416
15938,NORM,HYP,normal,pathological,HYP,0.35816138982772827,0.0006712838658131659,0.05835803598165512,0.0004899656632915139,0.6163448095321655
6957,HYP,HYP,pathological,pathological,"STTC, CD, HYP",0.13372410833835602,0.20871661603450775,0.4165842831134796,0.4284791052341461,0.5046336054801941
18861,NORM,NORM,normal,normal,NORM,0.9909287095069885,0.00037593735032714903,0.006486982107162476,0.003300496842712164,0.00012454026727937162
16713,NORM,NORM,normal,normal,NORM,0.9955821633338928,0.00014236329298000783,0.0012645797105506063,0.004162854515016079,0.00041114355553872883
6591,STTC,STTC,pathological,pathological,STTC,0.001844052574597299,0.17477840185165405,0.9604207873344421,0.03405529633164406,0.0019089499255642295
18061,NORM,NORM,normal,normal,NORM,0.9704947471618652,0.00033273620647378266,0.0019545690156519413,0.0647655725479126,0.006721329875290394
3535,HYP,NORM,pathological,normal,"NORM, HYP",0.4511032700538635,0.06588532030582428,0.10546094179153442,0.04942775517702103,0.42265585064888
17877,HYP,STTC,pathological,pathological,STTC,0.06016639620065689,0.014927650801837444,0.8919856548309326,0.07047656923532486,0.02734118327498436
21049,STTC,STTC,pathological,pathological,"MI, STTC",0.004206045065075159,0.49752286076545715,0.9119443297386169,0.09487300366163254,0.031786296516656876
11565,HYP,STTC,pathological,pathological,"MI, STTC, HYP",5.0188500608783215e-05,0.8466691374778748,0.9158718585968018,0.001153928809799254,0.4938352108001709
6124,STTC,STTC,pathological,pathological,STTC,0.2417243868112564,0.022289995104074478,0.6931266188621521,0.005247133318334818,0.0006465615006163716
7212,MI,MI,pathological,pathological,MI,0.002767314203083515,0.9917462468147278,0.004471413791179657,0.1342582106590271,0.04443252459168434
14992,CD,CD,pathological,pathological,CD,0.00017567134636919945,0.004440937656909227,0.0026081386022269726,0.9999473094940186,0.037484679371118546
15825,HYP,HYP,pathological,pathological,"MI, STTC, HYP",2.2664762582280673e-06,0.9619725942611694,0.8090852499008179,0.0035981982946395874,0.9816763401031494
13166,MI,STTC,pathological,pathological,"MI, STTC",0.02362980879843235,0.49063175916671753,0.7193218469619751,0.1661444455385208,0.022003088146448135
11230,NORM,NORM,normal,normal,NORM,0.6841168403625488,0.3236505389213562,0.002429710468277335,0.01423740852624178,0.032441645860672
747,HYP,MI,pathological,pathological,"MI, STTC",0.009002714417874813,0.8075250387191772,0.48043912649154663,0.024653002619743347,0.1983170062303543
19342,STTC,STTC,pathological,pathological,STTC,0.0019666922744363546,0.1749923825263977,0.9531815052032471,0.0031236920040100813,0.005069517996162176
7670,HYP,NORM,pathological,normal,"NORM, HYP",0.562531590461731,0.09669165313243866,0.01581474021077156,0.03240363299846649,0.3951897621154785
19548,MI,MI,pathological,pathological,"MI, STTC",0.00020008214050903916,0.9924238324165344,0.3663569390773773,0.022539682686328888,0.043782830238342285
19062,MI,MI,pathological,pathological,"MI, STTC",6.815521373937372e-06,0.9963020086288452,0.5378295183181763,0.0009832835057750344,0.1421661078929901
4786,NORM,NORM,normal,normal,"NORM, STTC",0.7258539199829102,0.009903841651976109,0.3346945643424988,0.010405156761407852,0.0005742654320783913
2289,HYP,HYP,pathological,pathological,HYP,0.3545478582382202,0.003086427226662636,0.04189043864607811,0.0015604218933731318,0.5422371625900269
21793,MI,MI,pathological,pathological,MI,1.9458853785181418e-05,0.999691903591156,0.021128613501787186,0.001882966491393745,0.002041643252596259
1920,STTC,MI,pathological,pathological,"MI, STTC",0.02944299764931202,0.7216408252716064,0.344203382730484,0.008539993315935135,0.008167911320924759
17118,HYP,HYP,pathological,pathological,HYP,0.002944269450381398,6.3464090089837555e-06,0.03158973902463913,0.00811405573040247,0.990866482257843
14621,HYP,STTC,pathological,pathological,STTC,0.0753340795636177,0.028246726840734482,0.8664813041687012,0.1309361457824707,0.016725072637200356
18770,CD,MI,pathological,pathological,"MI, CD",0.00012963627523276955,0.9847517609596252,0.08900850266218185,0.9722216129302979,0.012788827531039715
19153,HYP,STTC,pathological,pathological,"STTC, HYP",0.0008285712101496756,0.0058561814948916435,0.9948883056640625,0.02038642019033432,0.28691399097442627
2955,NORM,NORM,normal,normal,"NORM, HYP",0.546920895576477,0.051533836871385574,0.04648774862289429,0.2229752540588379,0.32932546734809875
13919,HYP,NORM,pathological,normal,"NORM, HYP",0.8635517954826355,0.0007403002819046378,0.005901247728615999,0.00671788677573204,0.23178866505622864
13164,HYP,STTC,pathological,pathological,"STTC, HYP",0.0007727034972049296,0.0016656860243529081,0.9864672422409058,0.07791055738925934,0.7392617464065552
11393,STTC,STTC,pathological,pathological,STTC,0.03198381885886192,0.043977342545986176,0.9084396362304688,0.005560195539146662,0.0006850289646536112
10223,HYP,HYP,pathological,pathological,"STTC, HYP",1.5675117538194172e-05,0.015468091703951359,0.9924036264419556,0.016734344884753227,0.9937222599983215
14180,HYP,NORM,pathological,normal,"NORM, HYP",0.8188889026641846,0.00047933473251760006,0.01961241289973259,0.0051402500830590725,0.2075958102941513
7237,STTC,STTC,pathological,pathological,"MI, STTC",0.019274447113275528,0.4772402346134186,0.6283459663391113,0.016157494857907295,0.002253436716273427
1198,HYP,HYP,pathological,pathological,"NORM, HYP",0.4717700779438019,0.015289725735783577,0.07966385781764984,0.011044793762266636,0.5139291882514954
6734,NORM,NORM,normal,normal,NORM,0.9782530665397644,0.00365658407099545,0.004857440013438463,0.002594029763713479,0.002822847804054618
8950,HYP,MI,pathological,pathological,"MI, STTC, HYP",0.00014135432138573378,0.9537666440010071,0.6768106818199158,0.0034261131659150124,0.25973957777023315
360,NORM,NORM,normal,normal,NORM,0.9959313273429871,1.744634755596053e-05,0.00010659574763849378,0.01909744367003441,0.00014313493738882244
4053,HYP,MI,pathological,pathological,"MI, STTC",0.00012039749708492309,0.9950768947601318,0.3488691747188568,0.00993427075445652,0.06568439304828644
3655,HYP,NORM,pathological,normal,NORM,0.9057832360267639,0.004392868373543024,0.00591669837012887,0.020229507237672806,0.06608905643224716
13891,CD,STTC,pathological,pathological,"MI, STTC, CD, HYP",0.00020205679174978286,0.6909592747688293,0.9800938963890076,0.37764883041381836,0.9387723803520203
17335,NORM,NORM,normal,normal,NORM,0.9373739957809448,0.00041303722537122667,0.02531876415014267,0.05121390521526337,0.001973857870325446
7851,MI,NORM,pathological,normal,NORM,0.7431104183197021,0.24390378594398499,0.0413811132311821,0.024543195962905884,0.0023966250009834766
14490,CD,CD,pathological,pathological,"STTC, CD, HYP",0.08821180462837219,0.23989121615886688,0.33199307322502136,0.6963346004486084,0.40365079045295715
2436,NORM,NORM,normal,normal,NORM,0.9970478415489197,5.7600049331085756e-05,0.0005267898086458445,0.0005118981935083866,0.00026509049348533154
8613,STTC,STTC,pathological,pathological,"STTC, HYP",0.002707293489947915,0.0763501450419426,0.938096284866333,0.0032489795703440905,0.6138081550598145
1540,STTC,STTC,pathological,pathological,"STTC, HYP",0.00162669294513762,0.040995728224515915,0.957335889339447,0.013491806574165821,0.8402605056762695
10452,CD,HYP,pathological,pathological,"STTC, HYP",0.0022957264445722103,0.0559522770345211,0.848763644695282,0.1356552541255951,0.9667710065841675
15092,STTC,STTC,pathological,pathological,STTC,0.2110108882188797,0.0140926418825984,0.8036068081855774,0.004530207719653845,0.00434030219912529
4957,CD,CD,pathological,pathological,CD,0.0001860321353888139,0.3230176866054535,0.0019772490486502647,0.9999241828918457,0.11277761310338974
9795,CD,CD,pathological,pathological,CD,0.00333832367323339,0.04927593097090721,0.0056204600259661674,0.9988200068473816,0.0219782292842865
4519,NORM,MI,normal,pathological,MI,0.10624898225069046,0.9282838702201843,0.005547617096453905,0.016067396849393845,0.008367395028471947
9883,NORM,NORM,normal,normal,NORM,0.9944473505020142,0.0014871802413836122,0.0006665190448984504,0.0007906167884357274,7.213950448203832e-05
1351,NORM,NORM,normal,normal,NORM,0.9320696592330933,0.0007661912823095918,0.002411175984889269,0.005962461698800325,0.07776527106761932
7817,STTC,STTC,pathological,pathological,STTC,0.0005576044786721468,0.04654737934470177,0.9902011752128601,0.010325954295694828,0.0717269778251648
20607,HYP,HYP,pathological,pathological,HYP,0.11575224995613098,0.03949955105781555,0.10157331079244614,0.15621598064899445,0.8152409195899963
18791,MI,MI,pathological,pathological,MI,0.08483876287937164,0.9144390225410461,0.020038150250911713,0.017155388370156288,0.006977295037358999
1220,CD,CD,pathological,pathological,"STTC, CD, HYP",0.17865478992462158,0.15121755003929138,0.48339831829071045,0.5118332505226135,0.2578851282596588
19121,HYP,STTC,pathological,pathological,"STTC, HYP",0.001893603359349072,0.0037102692294865847,0.9680653810501099,0.0021521877497434616,0.8360699415206909
2049,CD,STTC,pathological,pathological,"STTC, HYP",0.004045246634632349,0.05125328525900841,0.9801647663116455,0.16827377676963806,0.2178138643503189
18872,NORM,NORM,normal,normal,NORM,0.9680719971656799,0.010625934228301048,0.008113537915050983,0.006222893483936787,0.0011960428673774004
21333,HYP,STTC,pathological,pathological,"STTC, HYP",4.8834381232154556e-06,0.04767247661948204,0.9963825941085815,0.020814351737499237,0.9850308895111084
5929,NORM,NORM,normal,normal,NORM,0.9906148910522461,0.00010273007501382381,0.017231138423085213,0.0013123733224347234,0.0002559666463639587
744,STTC,NORM,pathological,normal,"NORM, STTC",0.5224654078483582,0.06292777508497238,0.4208362400531769,0.05234641581773758,0.002565886592492461
14494,CD,MI,pathological,pathological,"MI, STTC, CD",0.019744597375392914,0.6020734906196594,0.45953091979026794,0.29976457357406616,0.007222283631563187
5478,MI,NORM,pathological,normal,"NORM, MI",0.7468416094779968,0.36120277643203735,0.012763656675815582,0.01064781378954649,0.0009497639257460833
15517,MI,MI,pathological,pathological,MI,5.317264367477037e-05,0.9992570281028748,0.04928692430257797,0.017632482573390007,0.0033057385589927435
172,CD,MI,pathological,pathological,"MI, CD",4.443509169504978e-05,0.9946053624153137,0.06868622452020645,0.9486739039421082,0.019019994884729385
20174,STTC,STTC,pathological,pathological,STTC,0.006256559398025274,0.112192802131176,0.9503637552261353,0.00982578657567501,0.009793189354240894
13769,CD,NORM,pathological,normal,"CD, HYP",0.4287654161453247,0.011219136416912079,0.20113907754421234,0.2807117700576782,0.3014989197254181
8271,CD,MI,pathological,pathological,"MI, STTC, CD, HYP",0.00011206929775653407,0.8909218311309814,0.8813562989234924,0.8541721105575562,0.7221648693084717
12410,HYP,HYP,pathological,pathological,"STTC, HYP",1.630497081350768e-06,0.00391891086474061,0.9954312443733215,0.0038721798919141293,0.9997690320014954
21553,MI,MI,pathological,pathological,MI,0.1674901396036148,0.7689496874809265,0.02055129036307335,0.0026954892091453075,0.0031205767299979925
20893,CD,CD,pathological,pathological,CD,0.0010238917311653495,0.020129945129156113,0.034657400101423264,0.9993482232093811,0.1781584918498993
20514,MI,MI,pathological,pathological,"MI, STTC",0.0008891692850738764,0.9752424359321594,0.3694448471069336,0.018887978047132492,0.006957583129405975
8779,STTC,STTC,pathological,pathological,STTC,0.05683976411819458,0.008869736455380917,0.9153386354446411,0.004002210684120655,0.017846273258328438
18338,NORM,NORM,normal,normal,NORM,0.9850460290908813,0.00036413638736121356,0.009710644371807575,0.006832779850810766,0.0018451191717758775
19007,CD,CD,pathological,pathological,CD,5.459547173813917e-05,0.17382705211639404,0.11460646241903305,0.9999415874481201,0.14253897964954376
2196,CD,NORM,pathological,normal,NORM,0.9461116194725037,0.0029307992663234472,0.018308555707335472,0.12155351042747498,0.004021662753075361
12078,HYP,MI,pathological,pathological,"MI, HYP",0.006301023066043854,0.9442188143730164,0.26671016216278076,0.24624355137348175,0.46482208371162415
3799,STTC,MI,pathological,pathological,"MI, STTC",0.000522509915754199,0.9193083643913269,0.5386235117912292,0.003965769894421101,0.04798293486237526
767,HYP,HYP,pathological,pathological,"MI, STTC, HYP",0.00016709815827198327,0.6322085857391357,0.9232137203216553,0.021879572421312332,0.9700095057487488
20580,STTC,STTC,pathological,pathological,STTC,0.017016099765896797,0.07009588181972504,0.9340943098068237,0.042698003351688385,0.0031278489623218775
11345,NORM,NORM,normal,normal,"NORM, STTC",0.6376339793205261,0.052617862820625305,0.3878340423107147,0.00854460895061493,0.0025557689368724823
13134,NORM,NORM,normal,normal,NORM,0.9008193612098694,0.13681717216968536,0.0015216998290270567,0.00809953548014164,0.0008105665328912437
2648,CD,CD,pathological,pathological,"CD, HYP",0.41828590631484985,0.022904936224222183,0.06375431269407272,0.5786257386207581,0.2850164473056793
20839,HYP,NORM,pathological,normal,"NORM, HYP",0.5767622590065002,0.008347433991730213,0.09837155789136887,0.008896601386368275,0.35873648524284363
16592,CD,CD,pathological,pathological,"NORM, CD",0.49312901496887207,0.05004267022013664,0.00807948224246502,0.7449818849563599,0.0027878722175955772
16364,CD,NORM,pathological,normal,NORM,0.9404704570770264,0.028065862134099007,0.01927001215517521,0.011138050816953182,0.0005181017331779003
12388,MI,MI,pathological,pathological,"MI, STTC, CD",0.0010860089678317308,0.8763190507888794,0.862118661403656,0.27310845255851746,0.12503458559513092
12125,STTC,STTC,pathological,pathological,"STTC, HYP",8.442067337455228e-05,0.009214936755597591,0.9985828399658203,0.009763523936271667,0.6317332983016968
923,MI,MI,pathological,pathological,"MI, STTC",0.00025808022473938763,0.9881376624107361,0.5708262324333191,0.025836659595370293,0.01049826666712761
15920,NORM,NORM,normal,normal,NORM,0.9940736293792725,0.00045229491661302745,0.0009731157915666699,0.004159560892730951,0.00016260471602436155
16339,NORM,NORM,normal,normal,NORM,0.9820368885993958,0.0006706566200591624,0.0015824686270207167,0.0075744264759123325,0.005938864778727293
10400,HYP,MI,pathological,pathological,"MI, STTC, HYP",0.0024471960496157408,0.9051788449287415,0.5294493436813354,0.017019404098391533,0.374662309885025
21243,CD,MI,pathological,pathological,"MI, CD",0.00030012638308107853,0.9925756454467773,0.05033146217465401,0.5769189596176147,0.012657630257308483
8224,NORM,NORM,normal,normal,NORM,0.99903804063797,3.741782347788103e-05,0.0002662368933670223,0.0005905652069486678,3.346390076330863e-05
2093,HYP,HYP,pathological,pathological,"STTC, HYP",0.00032954485504888,0.04274449124932289,0.9314790368080139,0.004165340214967728,0.9904703497886658
10686,NORM,NORM,normal,normal,NORM,0.9442919492721558,0.0006907701608724892,0.018759924918413162,0.020064184442162514,0.015868883579969406
1990,CD,CD,pathological,pathological,CD,0.0012925331247970462,0.0717707946896553,0.038447387516498566,0.9993715286254883,0.0898316502571106
5593,MI,STTC,pathological,pathological,STTC,0.07613138854503632,0.30453333258628845,0.697695255279541,0.08774928748607635,0.16281582415103912
14424,MI,MI,pathological,pathological,"MI, STTC",0.0028739336412400007,0.9665390849113464,0.36143237352371216,0.01940951868891716,0.01699216663837433
16811,STTC,STTC,pathological,pathological,STTC,0.02399522252380848,0.035808153450489044,0.9408854246139526,0.06731778383255005,0.011042824946343899
21125,NORM,NORM,normal,normal,NORM,0.8151373863220215,0.04165390878915787,0.06900748610496521,0.003734976751729846,0.03749009966850281
17128,NORM,NORM,normal,normal,NORM,0.9309184551239014,0.01257279608398676,0.010309872217476368,0.11494331061840057,0.0038538563530892134
13516,MI,MI,pathological,pathological,"MI, STTC",0.012491910718381405,0.9013984799385071,0.43899771571159363,0.16736580431461334,0.036571893841028214
11716,STTC,MI,pathological,pathological,"MI, STTC",0.0002592294185888022,0.9665272831916809,0.705963671207428,0.009088128805160522,0.10239912569522858
10881,MI,MI,pathological,pathological,"MI, STTC",0.012057679705321789,0.8514776229858398,0.579517126083374,0.11979990452528,0.0892714112997055
16826,STTC,STTC,pathological,pathological,STTC,0.013114592991769314,0.1992957442998886,0.8913537859916687,0.062060363590717316,0.0039134942926466465
17522,HYP,STTC,pathological,pathological,"MI, STTC, HYP",3.295594797236845e-05,0.3630264103412628,0.9677557945251465,0.16939888894557953,0.5333647727966309
1183,CD,CD,pathological,pathological,"STTC, CD, HYP",0.03165118023753166,0.3189499080181122,0.37320804595947266,0.9017179608345032,0.2520236670970917
3425,HYP,HYP,pathological,pathological,HYP,0.09071965515613556,0.007338844705373049,0.02172033116221428,0.025226978585124016,0.9032265543937683
1784,HYP,STTC,pathological,pathological,"STTC, CD, HYP",0.018771173432469368,0.17183136940002441,0.8168885111808777,0.6096681356430054,0.20722918212413788
7575,HYP,STTC,pathological,pathological,"STTC, HYP",0.00025729966000653803,0.0024019775446504354,0.9938281178474426,0.0048819067887961864,0.815270721912384
3570,NORM,NORM,normal,normal,NORM,0.9714053273200989,0.0014531146734952927,0.001312660169787705,0.010049422271549702,0.011194746010005474
12668,CD,NORM,pathological,normal,"NORM, CD",0.7792549729347229,0.009378239512443542,0.0037899522576481104,0.740803062915802,0.0016472435090690851
164,STTC,STTC,pathological,pathological,STTC,0.0035536622162908316,0.04470530152320862,0.9577032327651978,0.002561086555942893,0.09235002100467682
17247,CD,CD,pathological,pathological,CD,0.08940780162811279,0.2992928922176361,0.11965939402580261,0.7188416719436646,0.0030928717460483313
8956,CD,CD,pathological,pathological,"STTC, CD",6.926099013071507e-05,0.06136704608798027,0.9149653315544128,0.9918755888938904,0.00688764825463295
6484,CD,CD,pathological,pathological,CD,4.7805398935452104e-05,0.05926697701215744,0.0031355975661426783,0.9999672174453735,0.022647373378276825
502,HYP,STTC,pathological,pathological,STTC,0.3544636070728302,0.08417139947414398,0.5326510071754456,0.12157515436410904,0.044535256922245026
10866,MI,MI,pathological,pathological,"MI, HYP",9.883438906399533e-06,0.9982872605323792,0.25848230719566345,0.003169109346345067,0.23306044936180115
14671,CD,STTC,pathological,pathological,"MI, STTC, CD",0.0033923988230526447,0.5897389650344849,0.8394092917442322,0.29284897446632385,0.0330401211977005
3584,HYP,STTC,pathological,pathological,"STTC, HYP",6.339939864119515e-05,0.027118761092424393,0.9951549172401428,0.009141025133430958,0.9750294089317322
13337,CD,MI,pathological,pathological,MI,0.32501399517059326,0.6777554750442505,0.05614973232150078,0.09839080274105072,0.06409581750631332
4206,HYP,NORM,pathological,normal,"NORM, HYP",0.5871860384941101,0.0001441369386157021,0.02119814045727253,0.001896863104775548,0.530951201915741
13271,HYP,STTC,pathological,pathological,"STTC, HYP",0.18344083428382874,0.034538425505161285,0.45089513063430786,0.0014282123884186149,0.3491012156009674
16121,CD,CD,pathological,pathological,"MI, CD",0.0016679562395438552,0.9240758419036865,0.1713343858718872,0.928684651851654,0.09040521830320358
8456,HYP,HYP,pathological,pathological,HYP,0.03556310012936592,0.004037231672555208,0.18699342012405396,0.001734503428451717,0.9404460787773132
10628,CD,MI,pathological,pathological,"MI, CD",0.0005052138003520668,0.9741765260696411,0.03607078641653061,0.9711073637008667,0.0707746222615242
10502,MI,MI,pathological,pathological,MI,5.634308035951108e-05,0.9980295300483704,0.31278857588768005,0.014536282047629356,0.006200311239808798
11577,HYP,STTC,pathological,pathological,"STTC, HYP",0.00022853718837723136,0.022602543234825134,0.9901155233383179,0.0008684429922141135,0.48276039958000183
19650,STTC,STTC,pathological,pathological,"MI, STTC",0.0030408103484660387,0.5136844515800476,0.9008386135101318,0.015560321509838104,0.07118342816829681
8671,MI,MI,pathological,pathological,MI,0.014460419304668903,0.9389981031417847,0.14382916688919067,0.005935003515332937,0.0046185399405658245
8054,HYP,NORM,pathological,normal,"NORM, HYP",0.8418988585472107,0.0007170796161517501,0.012857421301305294,0.0054287682287395,0.2339865267276764
18307,STTC,STTC,pathological,pathological,STTC,0.016404232010245323,0.08562061190605164,0.9233288764953613,0.01743377558887005,0.0075655002146959305
14384,STTC,STTC,pathological,pathological,STTC,0.006937268655747175,0.22593770921230316,0.9484564661979675,0.03612138703465462,0.1185508668422699
15847,NORM,NORM,normal,normal,NORM,0.9868743419647217,0.0012788726016879082,0.007202981971204281,0.002917163074016571,8.724063081899658e-05
13665,CD,CD,pathological,pathological,"MI, CD, HYP",0.00020553494687192142,0.4545084536075592,0.16773846745491028,0.9919906258583069,0.6872518062591553
17277,MI,MI,pathological,pathological,MI,0.3706224858760834,0.6631606221199036,0.032763250172138214,0.03363845869898796,0.0035943540278822184
30,HYP,NORM,pathological,normal,"NORM, HYP",0.7328863739967346,0.0020222580060362816,0.008907349780201912,0.07595942169427872,0.28242582082748413
10730,CD,HYP,pathological,pathological,"CD, HYP",0.18656766414642334,0.23318591713905334,0.015454750508069992,0.2904227674007416,0.52516770362854
17074,CD,MI,pathological,pathological,"MI, CD",0.021293586120009422,0.8683524131774902,0.0991896465420723,0.5538794994354248,0.018965106457471848
16311,MI,MI,pathological,pathological,MI,0.0002844127011485398,0.9956442713737488,0.10681524872779846,0.04786587506532669,0.0031783869490027428
21753,HYP,HYP,pathological,pathological,"STTC, HYP",1.9727578546735458e-05,0.19731636345386505,0.9330965876579285,0.0011268825037404895,0.9955583810806274
16571,HYP,NORM,pathological,normal,NORM,0.941614031791687,0.013205263763666153,0.01630888693034649,0.008333563804626465,0.01825638860464096
7660,MI,MI,pathological,pathological,MI,6.532625411637127e-05,0.9979978203773499,0.17178235948085785,0.0035175136290490627,0.0011945905862376094
5933,CD,NORM,pathological,normal,NORM,0.9844809770584106,0.0008316842140629888,0.0002037791273323819,0.08504988253116608,0.0012250475119799376
422,CD,CD,pathological,pathological,CD,0.2656627297401428,0.016085613518953323,0.003006915096193552,0.9831116199493408,0.1223040223121643
12983,MI,MI,pathological,pathological,"MI, STTC",0.005970700178295374,0.7472997307777405,0.45457229018211365,0.010785284452140331,0.13219772279262543
14414,CD,STTC,pathological,pathological,STTC,0.3930559754371643,0.16374821960926056,0.3949379324913025,0.15941692888736725,0.011004661209881306
6140,STTC,STTC,pathological,pathological,STTC,0.040065228939056396,0.14707140624523163,0.832694947719574,0.06125777214765549,0.008458098396658897
14869,HYP,HYP,pathological,pathological,"STTC, HYP",1.3134808796166908e-05,0.3377861976623535,0.9759213328361511,0.00727760698646307,0.983498752117157
17719,CD,CD,pathological,pathological,"MI, STTC, CD, HYP",0.00018127734074369073,0.39587149024009705,0.3545421063899994,0.9922572374343872,0.5188948512077332
13729,MI,MI,pathological,pathological,"MI, STTC",7.603682752232999e-05,0.959739089012146,0.8836038112640381,0.005308361258357763,0.14283911883831024
19148,MI,MI,pathological,pathological,MI,2.7708475514032216e-08,0.9999942779541016,0.034602079540491104,0.0016903395298868418,0.0009010439971461892
17100,CD,STTC,pathological,pathological,"STTC, CD",0.0015143674099817872,0.19602176547050476,0.8453437685966492,0.8088683485984802,0.1550385057926178
18636,CD,CD,pathological,pathological,"CD, HYP",0.003090448444709182,0.050996337085962296,0.1344844400882721,0.9963895678520203,0.42791104316711426
20308,CD,CD,pathological,pathological,"MI, CD",0.046771738678216934,0.36143794655799866,0.06577122211456299,0.8496351838111877,0.05302613228559494
18737,MI,MI,pathological,pathological,MI,0.0012750978348776698,0.9905511140823364,0.10090488195419312,0.017858553677797318,0.060455258935689926
6538,MI,MI,pathological,pathological,"MI, STTC, HYP",3.5872792068403214e-05,0.9948833584785461,0.542374849319458,0.09144598245620728,0.5133489966392517
15705,MI,STTC,pathological,pathological,"MI, STTC",0.021903570741415024,0.5719640851020813,0.7440029382705688,0.037432607263326645,0.03985549509525299
13019,MI,MI,pathological,pathological,"MI, STTC",0.0005519286496564746,0.9161211252212524,0.7738528847694397,0.07191941142082214,0.040677182376384735
284,HYP,HYP,pathological,pathological,"STTC, HYP",0.0035246156621724367,0.060136135667562485,0.8206483125686646,0.015712223947048187,0.9726414084434509
21621,HYP,STTC,pathological,pathological,"STTC, HYP",7.965360964590218e-06,0.02316337823867798,0.9970136880874634,0.19139741361141205,0.994918167591095
5859,STTC,STTC,pathological,pathological,STTC,0.0035457436461001635,0.007641968317329884,0.9808783531188965,0.04424456134438515,0.07518116384744644
2184,MI,MI,pathological,pathological,MI,0.04175993800163269,0.9155391454696655,0.06153017282485962,0.010890070348978043,0.003118084045127034
12399,STTC,MI,pathological,pathological,"MI, STTC, HYP",0.02372058667242527,0.603446900844574,0.4899536371231079,0.019056148827075958,0.2602030038833618
8877,CD,CD,pathological,pathological,"CD, HYP",0.022175276651978493,0.0411125123500824,0.012422253377735615,0.9942955374717712,0.47265055775642395
8022,HYP,HYP,pathological,pathological,HYP,0.03871970996260643,0.12945902347564697,0.13200321793556213,0.022473987191915512,0.9262318015098572
21421,HYP,HYP,pathological,pathological,"MI, STTC, HYP",3.032572237771092e-07,0.9077981114387512,0.9931007623672485,0.12086258828639984,0.9987658858299255
8928,HYP,STTC,pathological,pathological,"STTC, HYP",0.0027987263165414333,0.08727359026670456,0.9754959940910339,0.036997221410274506,0.31098082661628723
21373,CD,CD,pathological,pathological,CD,0.05616338923573494,0.014587977901101112,0.020976243540644646,0.9786617159843445,0.08252820372581482
6576,HYP,HYP,pathological,pathological,"STTC, HYP",6.799695256631821e-05,0.00473022973164916,0.9536944031715393,0.029436782002449036,0.9960625767707825
1070,HYP,STTC,pathological,pathological,"MI, STTC, HYP",0.0006346696172840893,0.4066077768802643,0.9234066009521484,0.006173501722514629,0.696297287940979
1005,CD,CD,pathological,pathological,"MI, CD",0.03825142979621887,0.4294915795326233,0.007555753458291292,0.8515275120735168,0.0034318994730710983
21285,HYP,HYP,pathological,pathological,HYP,0.00478650676086545,0.0022458769381046295,0.1020016074180603,0.00041850353591144085,0.9899343848228455
14370,STTC,STTC,pathological,pathological,STTC,0.0947922021150589,0.005513288546353579,0.8925459384918213,0.00603911280632019,0.0015838970430195332
5027,HYP,STTC,pathological,pathological,"STTC, HYP",0.001434094738215208,0.013773908838629723,0.9875466823577881,0.005510311108082533,0.4291466176509857
10659,STTC,STTC,pathological,pathological,STTC,0.03316722810268402,0.232385516166687,0.7318404316902161,0.04129549488425255,0.0012187788961455226
20364,CD,CD,pathological,pathological,"CD, HYP",4.9494712584419176e-05,0.0017040661768987775,0.03074384108185768,0.9975416660308838,0.948746919631958
4260,NORM,NORM,normal,normal,NORM,0.8764187693595886,0.15522679686546326,0.0005343601806089282,0.04091833531856537,0.00014738537720404565
20173,MI,MI,pathological,pathological,MI,0.010616329498589039,0.9850229024887085,0.01775430329144001,0.007195197977125645,0.00047844593063928187
7495,CD,CD,pathological,pathological,"CD, HYP",0.0006432839436456561,0.01760692149400711,0.08576565980911255,0.9977889060974121,0.7497575283050537
18721,NORM,NORM,normal,normal,NORM,0.8911446928977966,0.004379224963486195,0.12770994007587433,0.024877799674868584,0.00311649264767766
5571,STTC,STTC,pathological,pathological,STTC,0.002761045703664422,0.16679589450359344,0.9611338376998901,0.11749324947595596,0.06535621732473373
17803,NORM,NORM,normal,normal,NORM,0.9595102071762085,0.0058461460284888744,0.012629278004169464,0.02875029295682907,0.0018299408257007599
6922,STTC,CD,pathological,pathological,"MI, STTC, CD",0.004895767197012901,0.658781886100769,0.3415117561817169,0.8497529029846191,0.0027808204758912325
6414,NORM,NORM,normal,normal,NORM,0.974683403968811,0.004530837759375572,0.005507218651473522,0.004179895389825106,0.0018715006299316883
17368,CD,STTC,pathological,pathological,"MI, STTC",0.004901433829218149,0.5955100059509277,0.7720592021942139,0.1607079803943634,0.048074398189783096
16758,HYP,MI,pathological,pathological,"MI, STTC, HYP",1.5111325410543941e-05,0.9908788800239563,0.7491098046302795,0.061988916248083115,0.6385530829429626
11729,HYP,STTC,pathological,pathological,"STTC, HYP",0.004248190205544233,0.007565703708678484,0.9822215437889099,0.006263096816837788,0.342398077249527
1228,HYP,STTC,pathological,pathological,STTC,0.36584410071372986,0.24008549749851227,0.50194251537323,0.1444081813097,0.051447268575429916
16446,HYP,HYP,pathological,pathological,"STTC, HYP",2.355164497203077e-06,7.711815123911947e-05,0.9977686405181885,0.02328658290207386,0.9989444613456726
8340,CD,NORM,pathological,normal,NORM,0.991877555847168,0.00022412747784983367,0.0018455213867127895,0.0027051661163568497,0.0016085651004686952
2611,NORM,NORM,normal,normal,NORM,0.9936366677284241,0.0002234536368632689,0.0007070652209222317,0.004934125114232302,0.0005954334046691656
357,STTC,STTC,pathological,pathological,STTC,0.18736112117767334,0.009731830097734928,0.8036463856697083,0.010779187083244324,0.009347881190478802
21811,MI,MI,pathological,pathological,MI,0.2522236704826355,0.49081939458847046,0.32917338609695435,0.06942883878946304,0.0073815868236124516
6331,CD,MI,pathological,pathological,"MI, CD",0.00026675494154915214,0.9861732721328735,0.0666532814502716,0.9251651167869568,0.02248251996934414
11867,STTC,STTC,pathological,pathological,"STTC, HYP",0.028239503502845764,0.0023481035605072975,0.9458670020103455,0.022343890741467476,0.21058699488639832
3021,CD,CD,pathological,pathological,"MI, CD",0.00040030034142546356,0.8638624548912048,0.07712316513061523,0.9918346405029297,0.018740076571702957
9649,STTC,STTC,pathological,pathological,STTC,0.01788286678493023,0.02849459834396839,0.9462880492210388,0.0031122213695198298,0.002237297361716628
2538,STTC,STTC,pathological,pathological,STTC,0.03534143045544624,0.004549708217382431,0.8993130922317505,0.01230689324438572,0.1269119679927826
9180,HYP,STTC,pathological,pathological,"MI, STTC, HYP",0.0016696982784196734,0.5288299322128296,0.9190720915794373,0.013061401434242725,0.32904723286628723
12631,MI,MI,pathological,pathological,MI,0.00368273863568902,0.9924995303153992,0.01504063606262207,0.049726542085409164,0.002244088100269437
20474,MI,MI,pathological,pathological,"MI, STTC",0.0007012796122580767,0.9561184048652649,0.5964522957801819,0.09124448150396347,0.06934499740600586
9247,CD,MI,pathological,pathological,"MI, CD",0.05631158500909805,0.8558782935142517,0.13337887823581696,0.5364898443222046,0.030153676867485046
15833,MI,NORM,pathological,normal,NORM,0.78615802526474,0.1844230741262436,0.055266957730054855,0.021738748997449875,0.0012906963238492608
4133,CD,CD,pathological,pathological,"STTC, CD",0.33307915925979614,0.030662279576063156,0.35156089067459106,0.6083368062973022,0.023420702666044235
3637,HYP,NORM,pathological,normal,NORM,0.7844588756561279,0.008481672964990139,0.1302480250597,0.015801601111888885,0.13281062245368958
10453,MI,MI,pathological,pathological,"MI, STTC",0.0007824770291335881,0.9384275674819946,0.6499518752098083,0.01568393036723137,0.019788263365626335
12713,NORM,NORM,normal,normal,NORM,0.9736695289611816,0.0018949384102597833,0.0022968538105487823,0.0038488805294036865,0.00751956831663847
21347,CD,CD,pathological,pathological,CD,0.00039184826891869307,0.04127710312604904,0.041182808578014374,0.9993317723274231,0.11684339493513107
12777,CD,CD,pathological,pathological,"STTC, CD",0.03630079701542854,0.25528961420059204,0.3420741558074951,0.7767595052719116,0.0019449511310085654
16045,HYP,NORM,pathological,normal,NORM,0.8157509565353394,0.0005964248557575047,0.001386858057230711,0.1423896998167038,0.1424049735069275
10357,CD,CD,pathological,pathological,"MI, CD",0.43483710289001465,0.40435314178466797,0.0020881532691419125,0.5994081497192383,0.0013768583303317428
10965,CD,CD,pathological,pathological,"MI, CD",0.003025065641850233,0.7173472046852112,0.0836319699883461,0.991426944732666,0.06564420461654663
5572,STTC,NORM,pathological,normal,NORM,0.8704049587249756,0.06315019726753235,0.024990996345877647,0.030749816447496414,0.012449805624783039
20327,CD,STTC,pathological,pathological,STTC,0.04703529179096222,0.018820755183696747,0.9130769968032837,0.0722820982336998,0.005394109059125185
16936,CD,CD,pathological,pathological,"MI, CD",0.0013608508743345737,0.9263283610343933,0.03851776942610741,0.9707423448562622,0.05143050104379654
18086,NORM,NORM,normal,normal,NORM,0.9715988636016846,0.009320273995399475,0.0014797061448916793,0.006132073234766722,0.0013801621971651912
8182,HYP,MI,pathological,pathological,MI,0.0006447173655033112,0.9915271401405334,0.15425950288772583,0.05007101967930794,0.17754176259040833
11350,CD,MI,pathological,pathological,"MI, CD",0.03307340294122696,0.8702232837677002,0.1979590803384781,0.2868255376815796,0.013611030764877796
20780,STTC,STTC,pathological,pathological,STTC,0.04836399108171463,0.00047181753325276077,0.9509696364402771,0.006972440052777529,0.008413825184106827
19015,STTC,STTC,pathological,pathological,STTC,0.41807034611701965,0.003648135345429182,0.5999132394790649,0.0006305186543613672,0.0022548199631273746
17076,STTC,STTC,pathological,pathological,STTC,0.00020398228662088513,0.19322887063026428,0.9709864258766174,0.026422010734677315,0.02927371673285961
20755,NORM,NORM,normal,normal,NORM,0.8188450336456299,0.004329433664679527,0.04829419404268265,0.16607801616191864,0.004775582812726498
11613,NORM,NORM,normal,normal,NORM,0.9878460764884949,0.0008292141719721258,0.0008946151356212795,0.0019926642999053,0.002436950569972396
9287,CD,NORM,pathological,normal,"NORM, CD",0.8721044659614563,0.0013406326761469245,0.0004647086898330599,0.7945664525032043,0.0019206310389563441
1385,HYP,HYP,pathological,pathological,HYP,0.10469025373458862,0.0024828577879816294,0.1884089857339859,0.016972361132502556,0.8876319527626038
8988,MI,MI,pathological,pathological,MI,0.2509535551071167,0.7971525192260742,0.017120394855737686,0.020589526742696762,0.001028509228490293
19585,NORM,NORM,normal,normal,"NORM, STTC",0.6488833427429199,0.0029746522195637226,0.4002721905708313,0.004768367391079664,0.0004783497133757919
6148,NORM,NORM,normal,normal,NORM,0.9966855645179749,0.00026475253980606794,0.00016042018251027912,0.0006287231808528304,0.0004311770899221301
9380,HYP,STTC,pathological,pathological,"MI, STTC, HYP",0.00010520179785089567,0.6311475038528442,0.9840750694274902,0.06525595486164093,0.7374053597450256
10361,MI,MI,pathological,pathological,MI,0.14225894212722778,0.8256624341011047,0.06391435861587524,0.019438916817307472,0.002940855920314789
11262,STTC,STTC,pathological,pathological,STTC,0.03031350113451481,0.02291821502149105,0.9335130453109741,0.017793385311961174,0.0007378369336947799
20141,CD,CD,pathological,pathological,"STTC, CD",0.0003458532446529716,0.12419946491718292,0.5912072658538818,0.9928842782974243,0.008892279118299484
18046,MI,MI,pathological,pathological,MI,0.04640771076083183,0.8867376446723938,0.15451680123806,0.06469123065471649,0.0465797558426857
16636,MI,MI,pathological,pathological,MI,2.0467889044084586e-05,0.9994093179702759,0.1736478954553604,0.004622281063348055,0.0009696988272480667
12136,STTC,STTC,pathological,pathological,STTC,0.08276087045669556,0.21388137340545654,0.7869044542312622,0.19603708386421204,0.016996674239635468
9188,CD,CD,pathological,pathological,"MI, CD",0.03227824717760086,0.3975571393966675,0.004204255528748035,0.9722755551338196,0.005885167978703976
21338,MI,MI,pathological,pathological,"MI, STTC",7.57606394472532e-05,0.9425449967384338,0.7830532193183899,0.19207686185836792,0.0032426374964416027
613,STTC,STTC,pathological,pathological,"STTC, HYP",0.00013572614989243448,0.29043546319007874,0.9716965556144714,0.00044587842421606183,0.3775029480457306
19888,STTC,STTC,pathological,pathological,STTC,0.000744410150218755,0.34451404213905334,0.9236001968383789,0.0008795475005172193,0.007675104774534702
2224,NORM,NORM,normal,normal,NORM,0.9761350750923157,0.00010225147707387805,0.004290892276912928,0.044821277260780334,0.006026257295161486
12345,NORM,NORM,normal,normal,NORM,0.9944600462913513,0.00020901179232168943,0.0035799755714833736,0.0006639531929977238,0.0006981987971812487
3116,STTC,STTC,pathological,pathological,"STTC, HYP",0.2428177297115326,0.09279202669858932,0.5109286308288574,0.06657203286886215,0.2718292772769928
9217,CD,MI,pathological,pathological,MI,0.2434747815132141,0.3654033839702606,0.1912354826927185,0.10714422166347504,0.0034871590323746204
19892,NORM,NORM,normal,normal,NORM,0.9846898317337036,5.5098626035032794e-05,0.006281571462750435,0.009617415256798267,0.001623159390874207
20028,HYP,HYP,pathological,pathological,"STTC, HYP",8.836136800027816e-08,0.00016286013124044985,0.9989176988601685,0.0003566275699995458,0.9997965097427368
11541,STTC,STTC,pathological,pathological,STTC,0.009960240684449673,0.03749511390924454,0.9545968174934387,0.005867816507816315,0.005114248488098383
3477,HYP,STTC,pathological,pathological,STTC,0.0025480433832854033,0.1726589798927307,0.9678019285202026,0.04416021332144737,0.1268056184053421
12881,HYP,STTC,pathological,pathological,"STTC, HYP",0.0017818222986534238,0.15543922781944275,0.9550692439079285,0.05620473623275757,0.49533915519714355
20112,NORM,NORM,normal,normal,NORM,0.895790696144104,0.046555377542972565,0.006196348462253809,0.1225099042057991,0.004896475467830896
16473,HYP,HYP,pathological,pathological,HYP,0.3891063928604126,0.02940126694738865,0.19693872332572937,0.04035353660583496,0.5118839144706726
6196,NORM,NORM,normal,normal,NORM,0.9539356827735901,0.02089129574596882,0.011119270697236061,0.006158593110740185,0.001908800913952291
12707,NORM,HYP,normal,pathological,"NORM, HYP",0.5303025841712952,0.00357230962254107,0.012524770572781563,0.005492336116731167,0.6401354074478149
10610,NORM,NORM,normal,normal,NORM,0.9007740020751953,0.0017458575312048197,0.03244677186012268,0.004132370464503765,0.07194005697965622
19758,STTC,STTC,pathological,pathological,STTC,0.08065172284841537,0.1299753040075302,0.7480069398880005,0.0066564688459038734,0.0028520026244223118
6690,MI,MI,pathological,pathological,MI,0.0026634219102561474,0.9782538414001465,0.16474518179893494,0.02782377041876316,0.0014109959593042731
10038,NORM,NORM,normal,normal,NORM,0.9829095602035522,0.0008770397980697453,0.0006011835066601634,0.022959794849157333,0.003925572615116835
3559,CD,CD,pathological,pathological,CD,0.20502665638923645,0.014467514120042324,0.10348711907863617,0.8194901943206787,0.020421460270881653
5246,MI,MI,pathological,pathological,MI,0.06592342257499695,0.9188356399536133,0.011623896658420563,0.16408859193325043,0.004565218463540077
21140,CD,MI,pathological,pathological,"MI, STTC, CD, HYP",0.026795364916324615,0.583682656288147,0.5523516535758972,0.5394497513771057,0.3318686783313751
11750,NORM,NORM,normal,normal,NORM,0.9224855899810791,0.0035643342416733503,0.06532490253448486,0.005447711329907179,0.00028876002761535347
15266,HYP,HYP,pathological,pathological,"MI, STTC, HYP",9.66920742939692e-06,0.9004629254341125,0.7619091868400574,0.0013206228613853455,0.9862154722213745
17772,MI,MI,pathological,pathological,MI,0.029880620539188385,0.963519275188446,0.013039248995482922,0.0619504339993,0.006243191193789244
1044,CD,CD,pathological,pathological,"MI, CD",0.0028759827837347984,0.5281509757041931,0.13585831224918365,0.9868809580802917,0.014648567885160446
2470,CD,MI,pathological,pathological,"MI, CD",0.1305500566959381,0.4628579020500183,0.09324811398983002,0.3486299216747284,0.00814366340637207
4449,CD,MI,pathological,pathological,"MI, CD",0.00023906353453639895,0.9940188527107239,0.22499173879623413,0.31285932660102844,0.03192376717925072
10863,MI,MI,pathological,pathological,MI,0.000608700152952224,0.9982597231864929,0.004226119723170996,0.005246975924819708,0.0022246341686695814
12576,CD,MI,pathological,pathological,"MI, CD",0.06929574906826019,0.637442946434021,0.26837873458862305,0.5163043737411499,0.07498111575841904
18149,MI,MI,pathological,pathological,MI,0.00036572854151017964,0.9903774857521057,0.3138926029205322,0.015705624595284462,0.0016371173551306129
16205,CD,NORM,pathological,normal,NORM,0.7046669721603394,0.22826965153217316,0.016302959993481636,0.18325115740299225,0.007321277633309364
326,STTC,STTC,pathological,pathological,STTC,0.0723399743437767,0.14497904479503632,0.7857813239097595,0.05038202926516533,0.1149458959698677
16740,STTC,MI,pathological,pathological,MI,0.23420362174510956,0.6187588572502136,0.11215947568416595,0.01127573475241661,0.017047395929694176
21351,HYP,NORM,pathological,normal,NORM,0.9434871077537537,0.0011303836945444345,0.004538440145552158,0.008320108987390995,0.06880079209804535
17251,HYP,STTC,pathological,pathological,"STTC, HYP",0.0016849769745022058,0.015530744567513466,0.9794195294380188,0.00494798831641674,0.5402321815490723
11032,HYP,HYP,pathological,pathological,"MI, STTC, HYP",2.394259354332462e-06,0.5201705098152161,0.9795736074447632,0.003247690387070179,0.9986099004745483
11650,MI,MI,pathological,pathological,"MI, STTC",0.0008379338541999459,0.9271217584609985,0.38166990876197815,0.15067023038864136,0.06568457931280136
10112,MI,MI,pathological,pathological,MI,0.07914663106203079,0.9139114022254944,0.03302799165248871,0.022106975317001343,0.005832888651639223
913,NORM,NORM,normal,normal,NORM,0.9947271943092346,0.0011209649965167046,0.0006802132702432573,0.0015016555553302169,5.090569902677089e-05
11568,STTC,STTC,pathological,pathological,STTC,0.0009872334776446223,0.017022930085659027,0.9880931973457336,0.031638652086257935,0.002909959526732564
15467,CD,CD,pathological,pathological,CD,0.0006044777110219002,0.00368579663336277,0.0032385005615651608,0.9999169111251831,0.08964547514915466
20939,STTC,STTC,pathological,pathological,STTC,0.10818538069725037,0.0626780092716217,0.7965530157089233,0.005179896950721741,0.001415981911122799
16812,CD,CD,pathological,pathological,CD,0.06329844146966934,0.03767576068639755,0.06809800118207932,0.9875685572624207,0.07271619886159897
12385,STTC,STTC,pathological,pathological,STTC,0.0076750535517930984,0.0326271653175354,0.9732739329338074,0.06478159129619598,0.011214218102395535
15775,HYP,NORM,pathological,normal,NORM,0.8847148418426514,0.04992075264453888,0.040396228432655334,0.009106827899813652,0.0102140624076128
3166,CD,MI,pathological,pathological,MI,6.173901510919677e-06,0.9994102716445923,0.06852356344461441,0.14040134847164154,0.000823022099211812
3997,NORM,NORM,normal,normal,NORM,0.9892349243164062,0.001947286305949092,0.0007588909938931465,0.0033479216508567333,0.0005939271650277078
20427,STTC,STTC,pathological,pathological,STTC,0.15969836711883545,0.029950061812996864,0.783110499382019,0.0021934614051133394,0.0018474927637726068
4100,MI,MI,pathological,pathological,"MI, STTC",0.0028693885542452335,0.9384750127792358,0.5798673033714294,0.061566926538944244,0.018699854612350464
6997,NORM,NORM,normal,normal,NORM,0.6441510915756226,0.11022669821977615,0.1521780788898468,0.0014792010188102722,0.00032326753716915846
17838,HYP,NORM,pathological,normal,NORM,0.9658623337745667,6.418756674975157e-05,0.0006344473222270608,0.005441764835268259,0.09177564829587936
16351,HYP,NORM,pathological,normal,NORM,0.9021521806716919,0.00022677273955196142,0.002139263553544879,0.006227605044841766,0.16995683312416077
4521,STTC,STTC,pathological,pathological,STTC,0.0024212112184613943,0.040730852633714676,0.9834585189819336,0.0041192746721208096,0.04316430538892746
10407,NORM,STTC,normal,pathological,STTC,0.21972250938415527,0.18241047859191895,0.6425257325172424,0.09363105148077011,0.008111572824418545
14677,MI,MI,pathological,pathological,MI,1.7491130677171896e-07,0.9999880790710449,0.009217340499162674,0.015744777396321297,0.00018294969049748033
12451,NORM,NORM,normal,normal,NORM,0.9740853905677795,0.006688009016215801,0.010099745355546474,0.0019227821612730622,0.000437187438365072
11463,CD,CD,pathological,pathological,"NORM, CD",0.5379312634468079,0.011333980597555637,0.002080211415886879,0.6899219155311584,0.0013626873260363936
3025,STTC,CD,pathological,pathological,"MI, CD",1.4127695067145396e-05,0.48468273878097534,0.006152122747153044,0.9999747276306152,0.00578455813229084
5597,STTC,STTC,pathological,pathological,STTC,0.005380082409828901,0.02125428058207035,0.9775183200836182,0.0561959333717823,0.012569179758429527
15296,STTC,STTC,pathological,pathological,STTC,0.06117600202560425,0.01952308416366577,0.8614948391914368,0.0011938211973756552,0.08620309829711914
11283,MI,MI,pathological,pathological,MI,0.0038177205715328455,0.990740180015564,0.019301708787679672,0.02367100492119789,0.002372181508690119
9818,NORM,NORM,normal,normal,NORM,0.9979471564292908,0.00012081391469109803,0.0005324173253029585,0.0018248847918584943,0.0001123984984587878
11161,MI,NORM,pathological,normal,NORM,0.8169172406196594,0.10576964914798737,0.0030972296372056007,0.04547228664159775,0.02205399051308632
21251,HYP,STTC,pathological,pathological,"MI, STTC, HYP",0.00025623352848924696,0.8757753372192383,0.9175869822502136,0.003938181791454554,0.2870408296585083
2451,STTC,STTC,pathological,pathological,STTC,0.27884483337402344,0.09227774292230606,0.5469502806663513,0.013523451052606106,0.1641911119222641
18316,MI,MI,pathological,pathological,MI,0.0011498508974909782,0.9974493384361267,0.009660339914262295,0.02248949371278286,0.0020448053255677223
12288,CD,MI,pathological,pathological,"MI, STTC, CD",6.431071597035043e-06,0.9969424605369568,0.6042199730873108,0.28303056955337524,0.026274818927049637
15551,MI,STTC,pathological,pathological,STTC,0.07389992475509644,0.16481421887874603,0.7629358768463135,0.031937047839164734,0.03884976729750633
1975,NORM,NORM,normal,normal,NORM,0.962259829044342,0.0044108796864748,0.010430394671857357,0.006183321587741375,0.0005519073456525803
9522,MI,MI,pathological,pathological,MI,0.00038469271385110915,0.9983066320419312,0.004592956509441137,0.0021447171457111835,0.0044737583957612514
20001,CD,STTC,pathological,pathological,"STTC, CD",0.007486332673579454,0.2193693369626999,0.8242976665496826,0.6969475746154785,0.15570808947086334
5498,MI,NORM,pathological,normal,NORM,0.85152667760849,0.05440601333975792,0.019370319321751595,0.010569486767053604,0.038280777633190155
18715,MI,MI,pathological,pathological,"MI, STTC",7.174885831773281e-05,0.9867197275161743,0.5506231188774109,0.007299577351659536,0.005145141389220953
7170,NORM,NORM,normal,normal,NORM,0.9900415539741516,0.0028649454470723867,0.0018113874830305576,0.004753825720399618,0.00031496540759690106
12628,HYP,HYP,pathological,pathological,HYP,0.4086287021636963,0.001326138386502862,0.019928323104977608,0.008195332251489162,0.6168808937072754
21165,HYP,STTC,pathological,pathological,"MI, STTC, HYP",4.1417692955292296e-06,0.45936352014541626,0.9973065853118896,0.025536861270666122,0.9278490543365479
5149,CD,MI,pathological,pathological,"MI, STTC, CD",8.394639007747173e-05,0.990358293056488,0.45890098810195923,0.5231027603149414,0.04888720065355301
4355,HYP,NORM,pathological,normal,"STTC, HYP",0.416168749332428,0.20327721536159515,0.39538002014160156,0.05001676827669144,0.26853129267692566
14675,STTC,STTC,pathological,pathological,STTC,0.04927835986018181,0.06623037904500961,0.8206261396408081,0.22873592376708984,0.0072936504147946835
11895,HYP,HYP,pathological,pathological,HYP,0.17154940962791443,0.01568981446325779,0.13982760906219482,0.015065409243106842,0.7998224496841431
18851,STTC,MI,pathological,pathological,MI,0.17611978948116302,0.7127742171287537,0.15206708014011383,0.03707190975546837,0.1086702048778534
7330,HYP,STTC,pathological,pathological,"MI, STTC, CD, HYP",1.5566503861919045e-05,0.5305401682853699,0.9921707510948181,0.33993926644325256,0.9832884073257446
13405,MI,CD,pathological,pathological,CD,0.35900264978408813,0.22195374965667725,0.11178512871265411,0.7297170162200928,0.01588175632059574
16538,STTC,STTC,pathological,pathological,"NORM, STTC",0.45990267395973206,0.05053485184907913,0.5706027746200562,0.00835147313773632,0.0019455187721177936
10764,HYP,STTC,pathological,pathological,STTC,0.1412658542394638,0.001864005927927792,0.8294791579246521,0.0038110041059553623,0.0934610515832901
2170,STTC,STTC,pathological,pathological,STTC,0.009087583050131798,0.023725386708974838,0.9718166589736938,0.012808908708393574,0.005095624830573797
13457,CD,CD,pathological,pathological,"MI, CD",7.201285370683763e-06,0.9836745262145996,0.039293911308050156,0.9977752566337585,0.1785716563463211
6265,NORM,NORM,normal,normal,NORM,0.8703464269638062,0.011352858506143093,0.0609443262219429,0.018756169825792313,9.41923281061463e-05
15494,CD,STTC,pathological,pathological,STTC,0.2830328643321991,0.23249346017837524,0.4458523988723755,0.19521957635879517,0.004545324016362429
12547,CD,CD,pathological,pathological,"MI, CD",2.8663593184319325e-05,0.9864495992660522,0.03710911422967911,0.9919964671134949,0.04643010348081589
1175,STTC,STTC,pathological,pathological,STTC,0.012444337829947472,0.0031569625716656446,0.9761003255844116,0.002899346174672246,0.005715126171708107
4121,CD,CD,pathological,pathological,CD,0.0015711443265900016,0.177711620926857,0.03606458380818367,0.9992111921310425,0.09936883300542831
14999,STTC,STTC,pathological,pathological,STTC,0.2131686955690384,0.031110767275094986,0.7650622725486755,0.049310389906167984,0.054062481969594955
16421,NORM,NORM,normal,normal,NORM,0.9717952609062195,0.013953774236142635,0.005269693210721016,0.0017106581944972277,0.0001332241081399843
7253,STTC,STTC,pathological,pathological,STTC,0.03817908093333244,0.020443979650735855,0.9252395033836365,0.0031420651357620955,0.010609343647956848
13287,STTC,STTC,pathological,pathological,"STTC, HYP",8.884796989150345e-05,0.14190247654914856,0.9907121062278748,0.15373803675174713,0.25557252764701843
11344,HYP,STTC,pathological,pathological,"STTC, HYP",2.5824792828643695e-05,0.016727926209568977,0.997352123260498,0.011359775438904762,0.26371294260025024
17209,CD,NORM,pathological,normal,NORM,0.9798581600189209,0.002433865563943982,0.001164302695542574,0.06872954219579697,0.00010028887481894344
15843,MI,MI,pathological,pathological,"MI, STTC",0.0008932617492973804,0.8706106543540955,0.785538911819458,0.0898737832903862,0.010671352967619896
10232,NORM,NORM,normal,normal,NORM,0.8593381643295288,0.1522279977798462,0.01554071344435215,0.024498803541064262,0.0008001259993761778
17170,MI,MI,pathological,pathological,MI,1.465444074710831e-05,0.9987346529960632,0.13481983542442322,0.059761062264442444,0.007195750251412392
11394,STTC,NORM,pathological,normal,NORM,0.9321002960205078,0.001767525332979858,0.04023987427353859,0.020701492205262184,0.016269072890281677
14570,NORM,NORM,normal,normal,NORM,0.8681725859642029,0.011061055585741997,0.10180283337831497,0.021326208487153053,0.04274776205420494
4509,MI,MI,pathological,pathological,MI,0.0003823976148851216,0.9906544089317322,0.323749840259552,0.09759719669818878,0.11712061613798141
19891,HYP,MI,pathological,pathological,"MI, STTC, HYP",9.89497402770212e-06,0.981264591217041,0.9293799996376038,0.10436920821666718,0.9468719959259033
2321,NORM,NORM,normal,normal,"NORM, CD",0.774336576461792,0.07214071601629257,0.019583983346819878,0.49893420934677124,0.004330402240157127
15811,MI,MI,pathological,pathological,MI,5.6629440223332494e-05,0.9986053109169006,0.09809106588363647,0.01411815918982029,0.0005105267046019435
9610,HYP,STTC,pathological,pathological,"STTC, HYP",0.004180699586868286,0.005381988827139139,0.9737845659255981,0.007488157134503126,0.6933863162994385
18568,STTC,STTC,pathological,pathological,STTC,0.006785582285374403,0.013128126040101051,0.9739366769790649,0.00297907623462379,0.0016187740257009864
15694,STTC,STTC,pathological,pathological,STTC,0.02554117515683174,0.21630972623825073,0.8341621160507202,0.04258566349744797,0.014576063491404057
12841,MI,MI,pathological,pathological,MI,0.00015010838978923857,0.9982925057411194,0.08439017832279205,0.013187907636165619,0.0017150603234767914
6433,CD,HYP,pathological,pathological,"CD, HYP",0.07122131437063217,0.09835096448659897,0.05810687690973282,0.537076473236084,0.6215968728065491
2050,MI,STTC,pathological,pathological,STTC,0.019500745460391045,0.28110572695732117,0.881417989730835,0.02534857578575611,0.0025104531086981297
17052,CD,CD,pathological,pathological,"MI, CD, HYP",0.00026097672525793314,0.5184640884399414,0.2252473086118698,0.9990806579589844,0.3002757430076599
12154,NORM,NORM,normal,normal,NORM,0.9954069256782532,0.00033807498402893543,0.0007169343298301101,0.004143415484577417,0.0003525615902617574
12580,CD,STTC,pathological,pathological,STTC,0.1562129557132721,0.08181346207857132,0.8060739040374756,0.09633425623178482,0.021116536110639572
17416,HYP,MI,pathological,pathological,"MI, STTC, HYP",3.721870598383248e-05,0.9864848852157593,0.887771487236023,0.0555560328066349,0.5357305407524109
11623,NORM,NORM,normal,normal,NORM,0.9854201674461365,8.642997272545472e-05,0.020797403529286385,0.0011750096455216408,0.0006991362315602601
1035,MI,MI,pathological,pathological,"MI, STTC, HYP",0.0014701567124575377,0.9180099964141846,0.6555550694465637,0.03157106414437294,0.6383644342422485
6030,NORM,NORM,normal,normal,NORM,0.7349967956542969,0.008008632808923721,0.2822527587413788,0.0027583728078752756,0.023589132353663445
4085,STTC,STTC,pathological,pathological,"STTC, HYP",0.010028457269072533,0.01612137258052826,0.9238941669464111,0.0050825634971261024,0.6367460489273071
5111,MI,MI,pathological,pathological,"MI, STTC",0.0007512365700677037,0.9839197993278503,0.42954081296920776,0.010269378311932087,0.02674912102520466
11904,MI,MI,pathological,pathological,MI,0.00036285529495216906,0.9921355247497559,0.09814094007015228,0.004263000562787056,0.012791140004992485
8026,STTC,STTC,pathological,pathological,STTC,0.17247255146503448,0.27903616428375244,0.5616083741188049,0.11169524490833282,0.01829908788204193
18896,NORM,STTC,normal,pathological,STTC,0.10887965559959412,0.0017581089632585645,0.8752217292785645,0.0030432252679020166,0.0012331089237704873
16424,CD,CD,pathological,pathological,"STTC, CD, HYP",1.6167339708772488e-05,0.10926147550344467,0.9302414655685425,0.9794343113899231,0.9706657528877258
7328,NORM,NORM,normal,normal,NORM,0.5850189924240112,0.026832282543182373,0.22783154249191284,0.004178847186267376,0.09149947762489319
18115,CD,CD,pathological,pathological,"MI, CD",0.02502182312309742,0.4984642565250397,0.023722011595964432,0.9025864005088806,0.003994477912783623
3743,NORM,NORM,normal,normal,NORM,0.9911476969718933,0.0014311375562101603,0.002371993148699403,0.0016873417189344764,0.0002477470552548766
15489,NORM,NORM,normal,normal,NORM,0.9846627712249756,0.000409398868214339,0.0008289388497360051,0.011884980835020542,0.003988749347627163
13581,MI,MI,pathological,pathological,"MI, STTC, CD",0.00022578479547519237,0.9703953862190247,0.41187238693237305,0.6522663235664368,0.004191769286990166
18767,HYP,HYP,pathological,pathological,HYP,0.013199944980442524,0.01655115932226181,0.14206178486347198,0.002492517000064254,0.9620161056518555
4964,STTC,STTC,pathological,pathological,STTC,0.00238917488604784,0.27293655276298523,0.9227232336997986,0.0325331911444664,0.02787189744412899
20271,NORM,NORM,normal,normal,NORM,0.6285807490348816,0.20489025115966797,0.16377292573451996,0.03927655890583992,0.01718769036233425
